[Licensing::Module] Trying to connect to existing licensing client channel...
Built from '6000.4/staging' branch; Version is '6000.4.2f1 (7a4c1aeef971) revision 8014874'; Using compiler version '194234433'; Build Type 'Release'
OS: 'Windows 11  (10.0.26200) Professional' Language: 'zh' Physical Memory: 32406 MB
BatchMode: 1, IsHumanControllingUs: 0, StartBugReporterOnCrash: 0, Is64bit: 1
[Licensing::IpcConnector] Successfully connected to: "LicenseClient-admin" at "2026-06-17T12:17:18.2633747Z"
System  architecture: x64
Process architecture: x64
Date: 2026-06-17T12:17:18Z

COMMAND LINE ARGUMENTS:
C:\Program Files\Unity\Hub\Editor\6000.4.2f1\Editor\Unity.exe
-adb2
-batchMode
-noUpm
-name
AssetImportWorker1
-projectPath
C:/Users/admin/OneDrive/文档/GitHub/-shopping/seisaku(kari)
-logFile
Logs/AssetImportWorker1.log
-srvPort
55117
-licensingIpc
LicenseClient-admin
-force-d3d12
-job-worker-count
9
-background-job-worker-count
8
-gc-helper-count
1
-name
AssetImport
Successfully changed project path to: C:/Users/admin/OneDrive/文档/GitHub/-shopping/seisaku(kari)
C:/Users/admin/OneDrive/文档/GitHub/-shopping/seisaku(kari)
[UnityMemory] Configuration Parameters - Can be set up in boot.config
    "memorysetup-temp-allocator-size-gi-baking-worker=262144"
    "memorysetup-temp-allocator-size-gi-baking-worker=262144"
    "memorysetup-temp-allocator-size-gi-baking-worker=262144"
    "memorysetup-temp-allocator-size-gi-baking-worker=262144"
    "memorysetup-temp-allocator-size-gi-baking-worker=262144"
    "memorysetup-temp-allocator-size-nav-mesh-worker=65536"
    "memorysetup-temp-allocator-size-audio-worker=65536"
    "memorysetup-temp-allocator-size-cloud-worker=32768"
    "memorysetup-temp-allocator-size-gfx=262144"
    "memorysetup-temp-allocator-size-preload-manager=33554432"
    "memorysetup-temp-allocator-size-job-worker=262144"
    "memorysetup-temp-allocator-size-background-worker=32768"
    "memorysetup-allocator-temp-initial-block-size-main=262144"
    "memorysetup-allocator-temp-initial-block-size-worker=262144"
    "memorysetup-bucket-allocator-granularity=16"
    "memorysetup-bucket-allocator-bucket-count=8"
    "memorysetup-bucket-allocator-block-size=33554432"
    "memorysetup-bucket-allocator-block-count=8"
    "memorysetup-main-allocator-block-size=16777216"
    "memorysetup-thread-allocator-block-size=16777216"
    "memorysetup-gfx-main-allocator-block-size=16777216"
    "memorysetup-gfx-thread-allocator-block-size=16777216"
    "memorysetup-cache-allocator-block-size=4194304"
    "memorysetup-typetree-allocator-block-size=2097152"
    "memorysetup-profiler-bucket-allocator-granularity=16"
    "memorysetup-profiler-bucket-allocator-bucket-count=8"
    "memorysetup-profiler-bucket-allocator-block-size=33554432"
    "memorysetup-profiler-bucket-allocator-block-count=8"
    "memorysetup-profiler-allocator-block-size=16777216"
    "memorysetup-profiler-editor-allocator-block-size=1048576"
    "memorysetup-temp-allocator-size-main=16777216"
    "memorysetup-job-temp-allocator-block-size=2097152"
    "memorysetup-job-temp-allocator-block-size-background=1048576"
    "memorysetup-job-temp-allocator-reduction-small-platforms=262144"
Player connection [47024]  Target information:

Player connection [47024]  * "[IP] 192.168.11.4 [Port] 0 [Flags] 2 [Guid] 1844669414 [EditorId] 1844669414 [Version] 1048832 [Id] WindowsEditor(7,DESKTOP-0SHPG0H) [Debug] 1 [PackageName] WindowsEditor [ProjectName] Editor" 

Player connection [47024] Host joined multi-casting on [225.0.0.222:54997]...
Player connection [47024] Host joined alternative multi-casting on [225.0.0.222:34997]...
JobSystem: Creating JobQueue using job-worker-count value 9
Input System module state changed to: Initialized.
[Physics::Module] Initialized fallback backend.
[Physics::Module] Id: 0xdecafbad
Library Redirect Path: Library/
[Physics::Module] Selected backend.
[Physics::Module] Name: PhysX
[Physics::Module] Id: 0xf2b8ea05
[Physics::Module] SDK Version: 4.1.2
[Physics::Module] Integration Version: 1.0.0
[Physics::Module] Threading Mode: Multi-Threaded
Refreshing native plugins compatible for Editor in 2.76 ms, found 4 plugins.
Initialize engine version: 6000.4.2f1 (7a4c1aeef971)
[Subsystems] Discovering subsystems at path C:/Program Files/Unity/Hub/Editor/6000.4.2f1/Editor/Data/Resources/UnitySubsystems
[Subsystems] Discovering subsystems at path C:/Users/admin/OneDrive/文档/GitHub/-shopping/seisaku(kari)/Assets
Forcing GfxDevice: Direct3D 12
GfxDevice: creating device client; kGfxThreadingModeNonThreaded
d3d12: failed to query info queue interface (0x80004002).
Direct3D:
    Version:         Direct3D 12 [level 12.2]
    Renderer:        NVIDIA GeForce RTX 5060 (ID=0x2d05)
    Vendor:          NVIDIA
    VRAM:            7807 MB
    App VRAM Budget: 7039 MB
    Driver:          32.0.15.8129
Initialize mono
Mono path[0] = 'C:/Program Files/Unity/Hub/Editor/6000.4.2f1/Editor/Data/Managed'
Mono path[1] = 'C:/Program Files/Unity/Hub/Editor/6000.4.2f1/Editor/Data/MonoBleedingEdge/lib/mono/unityjit-win32'
Mono config path = 'C:/Program Files/Unity/Hub/Editor/6000.4.2f1/Editor/Data/MonoBleedingEdge/etc'
Using monoOptions --debugger-agent=transport=dt_socket,embedding=1,server=y,suspend=n,address=127.0.0.1:56912
CodeReloadManager initialized
Begin MonoManager ReloadAssembly
Registering precompiled unity dll's ...
Register platform support module: C:/Program Files/Unity/Hub/Editor/6000.4.2f1/Editor/Data/PlaybackEngines/WindowsStandaloneSupport/UnityEditor.WindowsStandalone.Extensions.dll
Registered in 0.001308 seconds.
Native extension for WindowsStandalone target not found
Package Manager log level set to [2]
[Package Manager] Failed to launch server process. Reason: Unity was launched with the -noUpm command-line argument
[Package Manager] Unable to send message (not connected to server process).
[Package Manager] Cannot connect to Unity Package Manager local server
ScheduleIndexationOnStartup MainProcess:False IndexOnStartup:True
Mono: successfully reloaded assembly
- Finished resetting the current domain, in  0.364 seconds
Domain Reload Profiling: 768ms
	BeginReloadAssembly (109ms)
	RebuildCommonClasses (35ms)
	RebuildNativeTypeToScriptingClass (12ms)
	initialDomainReloadingComplete (55ms)
	LoadAllAssembliesAndSetupDomain (192ms)
		LoadAssemblies (107ms)
		AnalyzeDomain (184ms)
			TypeCache.Refresh (184ms)
				TypeCache.ScanAssembly (171ms)
	FinalizeReload (365ms)
		SetupLoadedEditorAssemblies (0ms)
			InitializePlatformSupportModulesInManaged (44ms)
			BeforeProcessingInitializeOnLoad (75ms)
			ProcessInitializeOnLoadAttributes (98ms)
			ProcessInitializeOnLoadMethodAttributes (83ms)
Assembly reference Packages/com.unity.cinemachine/Editor/Samples/ExposeHDRPInternals/HDRP-Editor-ref.asmref has no target assembly definition
========================================================================
Worker process is ready to serve import requests
Import Worker Mode flag is 0x00
Assembly reference Packages/com.unity.cinemachine/Editor/Samples/ExposeHDRPInternals/HDRP-Editor-ref.asmref has no target assembly definition
[Licensing::Client] Error: HandshakeResponse reported an error:
	ResponseCode: 505
	ResponseStatus: Unsupported protocol version '1.18.1'.
[Licensing::Module] Error: Failed to handshake to channel: "LicenseClient-admin"
[Licensing::IpcConnector] LicenseClient-admin channel disconnected successfully.
[Licensing::IpcConnector] Successfully connected to: "LicenseClient-admin-6000.4.2" at "2026-06-17T12:17:20.1037972Z"
Assembly reference Packages/com.unity.cinemachine/Editor/Samples/ExposeHDRPInternals/HDRP-Editor-ref.asmref has no target assembly definition
Begin MonoManager ReloadAssembly
[Licensing::Module] Licensing is not yet initialized.
[Licensing::Client] Handshaking with LicensingClient:
  Version:                 1.18.1+9fbee8e
  Session Id:              45349a3739534c49bbcbc6a48281f463
  Correlation Id:          535303fd517fa12c4c9d0aa4153c8c3a
  External correlation Id: 734175582931557502
  Machine Id:              n3YslUCD+GyErf1Vxba4ne9co94=
[Licensing::Module] Successfully connected to LicensingClient on channel: "LicenseClient-admin-6000.4.2" (connect: 0.00s, validation: 0.00s, handshake: 1.74s)
[Licensing::IpcConnector] Successfully connected to: "LicenseClient-admin-6000.4.2-notifications" at "2026-06-17T12:17:21.8502824Z"
[Licensing::Module] Licensing Background thread has ended after 3.59s
[Licensing::Module] Licensing is initialized (took 1.70s).
[Licensing::Client] Successfully resolved entitlement details
[Licensing::Module] License group:
  Id: 15669614332774-UnityPersXXXX
  Product: Unity Personal
  Type: Assigned
  Expiration: Unlimited
Assembly Assembly-CSharp-Editor-firstpass.dll at Library/ScriptAssemblies/Assembly-CSharp-Editor-firstpass.dll not valid. Loading of assembly skipped.
Assembly Assembly-CSharp-firstpass.dll at Library/ScriptAssemblies/Assembly-CSharp-firstpass.dll not valid. Loading of assembly skipped.
Assembly DocCodeExamples.dll at Library/ScriptAssemblies/DocCodeExamples.dll not valid. Loading of assembly skipped.
Assembly TestNewCustomAssembly.dll at Library/ScriptAssemblies/TestNewCustomAssembly.dll not valid. Loading of assembly skipped.
Assembly Unity.Collections.BurstCompatibilityGen.dll at Library/ScriptAssemblies/Unity.Collections.BurstCompatibilityGen.dll not valid. Loading of assembly skipped.
Assembly Unity.Collections.DocCodeSamples.dll at Library/ScriptAssemblies/Unity.Collections.DocCodeSamples.dll not valid. Loading of assembly skipped.
Assembly Unity.Collections.PerformanceTests.dll at Library/ScriptAssemblies/Unity.Collections.PerformanceTests.dll not valid. Loading of assembly skipped.
Assembly Unity.Collections.Tests.dll at Library/ScriptAssemblies/Unity.Collections.Tests.dll not valid. Loading of assembly skipped.
Assembly Unity.Collections.Tests.Playmode.dll at Library/ScriptAssemblies/Unity.Collections.Tests.Playmode.dll not valid. Loading of assembly skipped.
Assembly Unity.InputSystem.IntegrationTests.dll at Library/ScriptAssemblies/Unity.InputSystem.IntegrationTests.dll not valid. Loading of assembly skipped.
Assembly Unity.Mathematics.Tests.dll at Library/ScriptAssemblies/Unity.Mathematics.Tests.dll not valid. Loading of assembly skipped.
Assembly Unity.Multiplayer.Center.Editor.Tests.dll at Library/ScriptAssemblies/Unity.Multiplayer.Center.Editor.Tests.dll not valid. Loading of assembly skipped.
Assembly Unity.Multiplayer.Center.Tests.dll at Library/ScriptAssemblies/Unity.Multiplayer.Center.Tests.dll not valid. Loading of assembly skipped.
Assembly Unity.Nuget.Mono-Cecil.dll at Library/ScriptAssemblies/Unity.Nuget.Mono-Cecil.dll not valid. Loading of assembly skipped.
Assembly Unity.PathTracing.Editor.Tests.dll at Library/ScriptAssemblies/Unity.PathTracing.Editor.Tests.dll not valid. Loading of assembly skipped.
Assembly Unity.PathTracing.Runtime.Tests.dll at Library/ScriptAssemblies/Unity.PathTracing.Runtime.Tests.dll not valid. Loading of assembly skipped.
Assembly Unity.RenderPipelines.Core.Editor.Tests.dll at Library/ScriptAssemblies/Unity.RenderPipelines.Core.Editor.Tests.dll not valid. Loading of assembly skipped.
Assembly Unity.RenderPipelines.Core.Runtime.Tests.dll at Library/ScriptAssemblies/Unity.RenderPipelines.Core.Runtime.Tests.dll not valid. Loading of assembly skipped.
Assembly Unity.RenderPipelines.Universal.Config.Editor.Tests.dll at Library/ScriptAssemblies/Unity.RenderPipelines.Universal.Config.Editor.Tests.dll not valid. Loading of assembly skipped.
Assembly Unity.RenderPipelines.Universal.Editor.Tests.dll at Library/ScriptAssemblies/Unity.RenderPipelines.Universal.Editor.Tests.dll not valid. Loading of assembly skipped.
Assembly Unity.RenderPipelines.Universal.Runtime.Tests.dll at Library/ScriptAssemblies/Unity.RenderPipelines.Universal.Runtime.Tests.dll not valid. Loading of assembly skipped.
Assembly Unity.Searcher.EditorTests.dll at Library/ScriptAssemblies/Unity.Searcher.EditorTests.dll not valid. Loading of assembly skipped.
Assembly Unity.Settings.Tests.dll at Library/ScriptAssemblies/Unity.Settings.Tests.dll not valid. Loading of assembly skipped.
Assembly Unity.ShaderGraph.Editor.Tests.dll at Library/ScriptAssemblies/Unity.ShaderGraph.Editor.Tests.dll not valid. Loading of assembly skipped.
Assembly Unity.TextMeshPro.Editor.Tests.dll at Library/ScriptAssemblies/Unity.TextMeshPro.Editor.Tests.dll not valid. Loading of assembly skipped.
Assembly Unity.TextMeshPro.Tests.dll at Library/ScriptAssemblies/Unity.TextMeshPro.Tests.dll not valid. Loading of assembly skipped.
Assembly Unity.UnifiedRayTracing.Editor.Tests.dll at Library/ScriptAssemblies/Unity.UnifiedRayTracing.Editor.Tests.dll not valid. Loading of assembly skipped.
Assembly UnityEditor.UI.Common.Tests.dll at Library/ScriptAssemblies/UnityEditor.UI.Common.Tests.dll not valid. Loading of assembly skipped.
Assembly UnityEditor.UI.EditorTests.dll at Library/ScriptAssemblies/UnityEditor.UI.EditorTests.dll not valid. Loading of assembly skipped.
Assembly UnityEngine.UI.Tests.dll at Library/ScriptAssemblies/UnityEngine.UI.Tests.dll not valid. Loading of assembly skipped.
Assembly reference Packages/com.unity.cinemachine/Editor/Samples/ExposeHDRPInternals/HDRP-Editor-ref.asmref has no target assembly definition
'Packages/com.unity.cinemachine/Editor/Obsolete/CinemachineVirtualCameraBaseEditor.cs' contains partial class of Unity.Object, exactly 1 of the partial classes needs to be in a file with the same filename. This is to know the one that can be referenced from ie. GameObjects
'Packages/com.unity.cinemachine/Editor/Editors/CinemachineVirtualCameraBaseEditor.cs' contains partial class of Unity.Object, exactly 1 of the partial classes needs to be in a file with the same filename. This is to know the one that can be referenced from ie. GameObjects
Native extension for WindowsStandalone target not found
Assembly reference Packages/com.unity.cinemachine/Editor/Samples/ExposeHDRPInternals/HDRP-Editor-ref.asmref has no target assembly definition
[Package Manager] Failed to launch server process. Reason: Unity was launched with the -noUpm command-line argument
[Package Manager] Unable to send message (not connected to server process).
[Package Manager] Cannot connect to Unity Package Manager local server
[Package Manager] Failed to launch server process. Reason: Unity was launched with the -noUpm command-line argument
[Package Manager] Unable to send message (not connected to server process).
[Package Manager] Cannot connect to Unity Package Manager local server
[Package Manager] Failed to launch server process. Reason: Unity was launched with the -noUpm command-line argument
[Package Manager] Unable to send message (not connected to server process).
[Package Manager] Cannot connect to Unity Package Manager local server
Refreshing native plugins compatible for Editor in 2.07 ms, found 4 plugins.
ScheduleIndexationOnStartup MainProcess:False IndexOnStartup:True
Mono: successfully reloaded assembly
- Finished resetting the current domain, in  0.858 seconds
Domain Reload Profiling: 3523ms
	BeginReloadAssembly (1904ms)
		DisableScriptedObjects (8ms)
		CreateAndSetChildDomain (36ms)
	RebuildCommonClasses (43ms)
	RebuildNativeTypeToScriptingClass (16ms)
	initialDomainReloadingComplete (98ms)
	LoadAllAssembliesAndSetupDomain (604ms)
		LoadAssemblies (421ms)
		AnalyzeDomain (286ms)
			TypeCache.Refresh (200ms)
				TypeCache.ScanAssembly (183ms)
			BuildScriptInfoCaches (74ms)
			ResolveRequiredComponents (11ms)
	FinalizeReload (858ms)
		SetupLoadedEditorAssemblies (0ms)
			BeforeProcessingInitializeOnLoad (154ms)
			ProcessInitializeOnLoadAttributes (394ms)
			ProcessInitializeOnLoadMethodAttributes (99ms)
			AfterProcessingInitializeOnLoad (6ms)
		AwakeInstancesAfterBackupRestoration (10ms)
Launched and connected shader compiler UnityShaderCompiler.exe after 0.01 seconds
Refreshing native plugins compatible for Editor in 2.79 ms, found 4 plugins.
Unloading 25 Unused Serialized files (Serialized files now loaded: 0)
Unloading 6938 unused Assets / (5.9 MB). Loaded Objects now: 7761.
Memory consumption went from 168.7 MB to 162.7 MB.
Total: 9.280500 ms (FindLiveObjects: 0.754500 ms CreateObjectMapping: 0.775200 ms MarkObjects: 5.022100 ms  DeleteObjects: 2.725700 ms)

========================================================================
Received Import Request.
  Time since last request: 365502.271355 seconds.
  path: Assets/InputSystem_Actions.inputactions
  importAddress: Guid(052faaac586de48259a63d0c4782560b) Importer(815301076,1909f56bfc062723c751e8b465ee728b)
Start importing Assets/InputSystem_Actions.inputactions using Guid(052faaac586de48259a63d0c4782560b) Importer(815301076,1909f56bfc062723c751e8b465ee728b) (PreviewImporter) -> (Import Result ID: 'a164d47b8c278da632b88d95a6aec860') in 0.0308298 seconds [static and dynamic dependencies]. Details - ImportResultOutputID=4424046b1176df39b9eef5f0e46dfe4e DependenciesID=7f10f72c66957fd6c8613c40be6944f6 StaticDependenciesID=8d1a102e7f365719c15b18325dd1d2b1 
Number of updated asset objects reloaded before import = 0Number of asset objects unloaded after import = 20

========================================================================
Received Import Request.
  Time since last request: 0.000023 seconds.
  path: Assets/Readme.asset
  importAddress: Guid(8105016687592461f977c054a80ce2f2) Importer(815301076,1909f56bfc062723c751e8b465ee728b)
Start importing Assets/Readme.asset using Guid(8105016687592461f977c054a80ce2f2) Importer(815301076,1909f56bfc062723c751e8b465ee728b) (PreviewImporter) -> (Import Result ID: '8f35344b8ffee1c9c97b8244754a980a') in 0.0034478 seconds [static and dynamic dependencies]. Details - ImportResultOutputID=f239c3b2c5f5524d591ac6c531473032 DependenciesID=d82bb6c7e3604c6aead65e649addaa72 StaticDependenciesID=0c7a104953a90fbb8020448b0a5f929f 
Number of updated asset objects reloaded before import = 0Number of asset objects unloaded after import = 2

========================================================================
Received Import Request.
  Time since last request: 1093.891593 seconds.
  path: Assets/PlayerManager.cs
  importAddress: Guid(59c9fac1e13f65945aefd0b28ef1e6d0) Importer(2089858483,b0f066a214c2f5e87bad3c948f4d605d)
Start importing Assets/PlayerManager.cs using Guid(59c9fac1e13f65945aefd0b28ef1e6d0) Importer(2089858483,b0f066a214c2f5e87bad3c948f4d605d) (ScriptedImporter) -> (Import Result ID: '6cd71720961b932a6dcb1b6e7cf8d7ec') in 0.0714126 seconds [static and dynamic dependencies]. Details - ImportResultOutputID=9a9ac7162347774f79f233c8608e2be6 DependenciesID=6b66fe74171a6dc56144735f08f502c4 StaticDependenciesID=37579d10e2d5f0d11cbd9973109832f7 
Number of updated asset objects reloaded before import = 0Number of asset objects unloaded after import = 0

========================================================================
Received Import Request.
  Time since last request: 0.000016 seconds.
  path: Assets/TextMesh Pro/Shaders/TMP_SDF.shader
  importAddress: Guid(68e6db2ebdc24f95958faec2be5558d6) Importer(2089858483,b0f066a214c2f5e87bad3c948f4d605d)
Start importing Assets/TextMesh Pro/Shaders/TMP_SDF.shader using Guid(68e6db2ebdc24f95958faec2be5558d6) Importer(2089858483,b0f066a214c2f5e87bad3c948f4d605d) (ScriptedImporter) -> (Import Result ID: 'a16fa2ad9d9ceabb7f567f923a7ec962') in 0.0178789 seconds [static and dynamic dependencies]. Details - ImportResultOutputID=deb67fd6885f6602c5863992735b862d DependenciesID=d9db5375602675c926a97c787abe8792 StaticDependenciesID=02f2f145754d21c99257be40712f4a63 
Number of updated asset objects reloaded before import = 0Number of asset objects unloaded after import = 1

========================================================================
Received Import Request.
  Time since last request: 0.000013 seconds.
  path: Assets/TextMesh Pro/Fonts/LiberationSans.ttf
  importAddress: Guid(e3265ab4bf004d28a9537516768c1c75) Importer(2089858483,b0f066a214c2f5e87bad3c948f4d605d)
Start importing Assets/TextMesh Pro/Fonts/LiberationSans.ttf using Guid(e3265ab4bf004d28a9537516768c1c75) Importer(2089858483,b0f066a214c2f5e87bad3c948f4d605d) (ScriptedImporter) -> (Import Result ID: '88fce956387c7b88065f4bdeb5ba5e6a') in 0.0270784 seconds [static and dynamic dependencies]. Details - ImportResultOutputID=c1b411d146e86972a37634d125cd1a99 DependenciesID=035077e396e9afcd1945c31a24a3728b StaticDependenciesID=8d7b10ba804405d2fb9a467f6d8c5b4f 
Number of updated asset objects reloaded before import = 0Number of asset objects unloaded after import = 3

========================================================================
Received Import Request.
  Time since last request: 0.000019 seconds.
  path: Assets/Starter Assets/Runtime/Settings/Medium_PipelineAsset.asset
  importAddress: Guid(e00893132ee3140498fd2709faa1a711) Importer(2089858483,b0f066a214c2f5e87bad3c948f4d605d)
Start importing Assets/Starter Assets/Runtime/Settings/Medium_PipelineAsset.asset using Guid(e00893132ee3140498fd2709faa1a711) Importer(2089858483,b0f066a214c2f5e87bad3c948f4d605d) (ScriptedImporter) -> (Import Result ID: '0034df4bbfd48d3ef1458d4f853e8eb5') in 0.047951 seconds [static and dynamic dependencies]. Details - ImportResultOutputID=023ea7bdbd448ee5e0b11839ac502c8f DependenciesID=ba4c6272be9fe2bd29488942decfabea StaticDependenciesID=051bc52f5d40eef63e908701fa78f65f 
Number of updated asset objects reloaded before import = 0Number of asset objects unloaded after import = 2

========================================================================
Received Import Request.
  Time since last request: 0.000025 seconds.
  path: Assets/TextMesh Pro/Resources/Fonts & Materials/LiberationSans SDF - Outline.mat
  importAddress: Guid(79459efec17a4d00a321bdcc27bbc385) Importer(2089858483,b0f066a214c2f5e87bad3c948f4d605d)
Start importing Assets/TextMesh Pro/Resources/Fonts & Materials/LiberationSans SDF - Outline.mat using Guid(79459efec17a4d00a321bdcc27bbc385) Importer(2089858483,b0f066a214c2f5e87bad3c948f4d605d) (ScriptedImporter) -> (Import Result ID: 'd6ba241331f8597cbc2e8f378ef28ca8') in 0.0213522 seconds [static and dynamic dependencies]. Details - ImportResultOutputID=03dd836029e545b589bc261f1bfc2a78 DependenciesID=605ea2213ca3bb1f4d99fd6bc5e55f86 StaticDependenciesID=f2f0736f3a5db41089dc2de22e52e727 
Number of updated asset objects reloaded before import = 0Number of asset objects unloaded after import = 2

========================================================================
Received Import Request.
  Time since last request: 0.000020 seconds.
  path: Assets/Starter Assets/Runtime/Settings/Very High_PipelineAsset.asset
  importAddress: Guid(6c78c14c4228d46a29bda6557d8041f9) Importer(2089858483,b0f066a214c2f5e87bad3c948f4d605d)
Start importing Assets/Starter Assets/Runtime/Settings/Very High_PipelineAsset.asset using Guid(6c78c14c4228d46a29bda6557d8041f9) Importer(2089858483,b0f066a214c2f5e87bad3c948f4d605d) (ScriptedImporter) -> (Import Result ID: 'e0c4af80fa02d2a016a1cc8e91c969f9') in 0.0148251 seconds [static and dynamic dependencies]. Details - ImportResultOutputID=155846916061bfa6bdb3f49d0673888d DependenciesID=dbd85e4a1748b374e54a6bfda12779fb StaticDependenciesID=dadf5e31958e936023928b5ddd183d3b 
Number of updated asset objects reloaded before import = 0Number of asset objects unloaded after import = 2

========================================================================
Received Import Request.
  Time since last request: 0.000016 seconds.
  path: Assets/Materials/New Material 5.mat
  importAddress: Guid(cc71b605c0fc32741bfb4af682ad3b68) Importer(2089858483,b0f066a214c2f5e87bad3c948f4d605d)
Start importing Assets/Materials/New Material 5.mat using Guid(cc71b605c0fc32741bfb4af682ad3b68) Importer(2089858483,b0f066a214c2f5e87bad3c948f4d605d) (ScriptedImporter) -> (Import Result ID: '582db00f1d809a3c625f71504c337be4') in 0.0177689 seconds [static and dynamic dependencies]. Details - ImportResultOutputID=408ab4c1aacd5963271a6613ca74dd1d DependenciesID=d1ec5e5cc3bf44d59391bf5e7d73b929 StaticDependenciesID=a9a49e7abfb0509ff5547911a16c7015 
Number of updated asset objects reloaded before import = 0Number of asset objects unloaded after import = 1

========================================================================
Received Import Request.
  Time since last request: 0.000015 seconds.
  path: Assets/Starter Assets/Runtime/Mobile/Scripts/TouchscreenInput.cs
  importAddress: Guid(6d7e4e4868ed5df4b928c22423c690a0) Importer(2089858483,b0f066a214c2f5e87bad3c948f4d605d)
Start importing Assets/Starter Assets/Runtime/Mobile/Scripts/TouchscreenInput.cs using Guid(6d7e4e4868ed5df4b928c22423c690a0) Importer(2089858483,b0f066a214c2f5e87bad3c948f4d605d) (ScriptedImporter) -> (Import Result ID: '0c4bc67d697d8d95463d09bd95ad3c06') in 0.0095305 seconds [static and dynamic dependencies]. Details - ImportResultOutputID=021b979bce1a72e92f97f8534fc39c63 DependenciesID=d6abdde111b417841c2a469676249b2f StaticDependenciesID=342db3b3deb1356b4ac8a6f9cb928b94 
Number of updated asset objects reloaded before import = 0Number of asset objects unloaded after import = 0

========================================================================
Received Import Request.
  Time since last request: 0.000014 seconds.
  path: Assets/TextMesh Pro/Shaders/TMP_SDF-URP Lit.shadergraph
  importAddress: Guid(a3d800b099a06e0478fb790c5e79057a) Importer(2089858483,b0f066a214c2f5e87bad3c948f4d605d)
Start importing Assets/TextMesh Pro/Shaders/TMP_SDF-URP Lit.shadergraph using Guid(a3d800b099a06e0478fb790c5e79057a) Importer(2089858483,b0f066a214c2f5e87bad3c948f4d605d) (ScriptedImporter) -> (Import Result ID: '70fec741f2cbb872219338e44f45cb47') in 0.0217269 seconds [static and dynamic dependencies]. Details - ImportResultOutputID=c5a869b940061b39ebbca2bbe2f371a7 DependenciesID=eba4c844979062d470c739f308d4f02a StaticDependenciesID=862a4b64adc3cbc3af4bdbed03dcd58a 
Number of updated asset objects reloaded before import = 0Number of asset objects unloaded after import = 4

========================================================================
Received Import Request.
  Time since last request: 0.000023 seconds.
  path: Assets/TextMesh Pro/Shaders/TMP_Bitmap-Custom-Atlas.shader
  importAddress: Guid(48bb5f55d8670e349b6e614913f9d910) Importer(2089858483,b0f066a214c2f5e87bad3c948f4d605d)
Start importing Assets/TextMesh Pro/Shaders/TMP_Bitmap-Custom-Atlas.shader using Guid(48bb5f55d8670e349b6e614913f9d910) Importer(2089858483,b0f066a214c2f5e87bad3c948f4d605d) (ScriptedImporter) -> (Import Result ID: 'd95dbc5e84ea308626bdbac71f0e148d') in 0.0106598 seconds [static and dynamic dependencies]. Details - ImportResultOutputID=e5c1f1810d4791b3cc7063a7b1333d3c DependenciesID=ea59754a9a55508de2a44606447bd077 StaticDependenciesID=97e2617c6e2d061a39156ef7584ef903 
Number of updated asset objects reloaded before import = 0Number of asset objects unloaded after import = 1

========================================================================
Received Import Request.
  Time since last request: 0.000033 seconds.
  path: Assets/Starter Assets/Sample/Environment/Prefabs/Environment_Prefab.prefab
  importAddress: Guid(09aade0ecefd01e4b8f7661acf64f5c2) Importer(2089858483,b0f066a214c2f5e87bad3c948f4d605d)
Start importing Assets/Starter Assets/Sample/Environment/Prefabs/Environment_Prefab.prefab using Guid(09aade0ecefd01e4b8f7661acf64f5c2) Importer(2089858483,b0f066a214c2f5e87bad3c948f4d605d) (ScriptedImporter) -> (Import Result ID: '7eb603723b6a897cab9fb35df657fe47') in 0.0201595 seconds [static and dynamic dependencies]. Details - ImportResultOutputID=cc2803a73bc9358cca11e478d145d2e0 DependenciesID=c51f04ebfa526af1acf552be8a13ab90 StaticDependenciesID=9f1b3b63a1d3817be3ff51773e041028 
Number of updated asset objects reloaded before import = 0Number of asset objects unloaded after import = 303

========================================================================
Received Import Request.
  Time since last request: 0.000016 seconds.
  path: Assets/Starter Assets/Runtime/Mobile/UI/TouchScreenInputDefaultStyle.tss
  importAddress: Guid(271d0c8741016ff4eae1b9070589c571) Importer(2089858483,b0f066a214c2f5e87bad3c948f4d605d)
Start importing Assets/Starter Assets/Runtime/Mobile/UI/TouchScreenInputDefaultStyle.tss using Guid(271d0c8741016ff4eae1b9070589c571) Importer(2089858483,b0f066a214c2f5e87bad3c948f4d605d) (ScriptedImporter) -> (Import Result ID: '8435f470dcb64bf99623da7de7ba8992') in 0.01857 seconds [static and dynamic dependencies]. Details - ImportResultOutputID=1070df0913eb4df1e8217ab8aebd320e DependenciesID=86cd3ffa8dcf40c660db7420b1da7678 StaticDependenciesID=08b7b3048b1da08991be0fed57be8f6f 
Number of updated asset objects reloaded before import = 0Number of asset objects unloaded after import = 8

========================================================================
Received Import Request.
  Time since last request: 0.000013 seconds.
  path: Assets/Starter Assets/Runtime/Common/BasicRigidBodyPush.cs
  importAddress: Guid(909d917d73a63f940ac158d02e936645) Importer(2089858483,b0f066a214c2f5e87bad3c948f4d605d)
Start importing Assets/Starter Assets/Runtime/Common/BasicRigidBodyPush.cs using Guid(909d917d73a63f940ac158d02e936645) Importer(2089858483,b0f066a214c2f5e87bad3c948f4d605d) (ScriptedImporter) -> (Import Result ID: '6d5b0c894a4f58551fa3f4e968b4e125') in 0.0111443 seconds [static and dynamic dependencies]. Details - ImportResultOutputID=b4797c0faf585ad27c2c7244b1327510 DependenciesID=e6b5a17ba8c122b3f4d475a4d9387a31 StaticDependenciesID=8f74900540a438e88d8e39c4535aeabb 
Number of updated asset objects reloaded before import = 0Number of asset objects unloaded after import = 0

========================================================================
Received Import Request.
  Time since last request: 0.000014 seconds.
  path: Assets/TextMesh Pro/Shaders/TMPro_Surface.cginc
  importAddress: Guid(d930090c0cd643c7b55f19a38538c162) Importer(2089858483,b0f066a214c2f5e87bad3c948f4d605d)
Start importing Assets/TextMesh Pro/Shaders/TMPro_Surface.cginc using Guid(d930090c0cd643c7b55f19a38538c162) Importer(2089858483,b0f066a214c2f5e87bad3c948f4d605d) (ScriptedImporter) -> (Import Result ID: '1e925739cc70cd5003f3399e87e35779') in 0.0102177 seconds [static and dynamic dependencies]. Details - ImportResultOutputID=52a52b722450a486fc14e1a9de6cefe2 DependenciesID=cfd80509d6ef5a874d9ac4a7e82067ba StaticDependenciesID=8fb9495c76aeb6809f5b996ebfc0882c 
Number of updated asset objects reloaded before import = 0Number of asset objects unloaded after import = 1

========================================================================
Received Import Request.
  Time since last request: 0.000020 seconds.
  path: Assets/Starter Assets/Runtime/ThirdPersonController/Scripts/ThirdPersonController.cs
  importAddress: Guid(26e54e5a728a9234ab24fcf1460ed8a2) Importer(2089858483,b0f066a214c2f5e87bad3c948f4d605d)
Start importing Assets/Starter Assets/Runtime/ThirdPersonController/Scripts/ThirdPersonController.cs using Guid(26e54e5a728a9234ab24fcf1460ed8a2) Importer(2089858483,b0f066a214c2f5e87bad3c948f4d605d) (ScriptedImporter) -> (Import Result ID: '4cc22e5490ceabe197bf002cf17da10e') in 0.0108852 seconds [static and dynamic dependencies]. Details - ImportResultOutputID=c03f020722c30cc17fa184af71329484 DependenciesID=562e89067e241c2f4444c258780cff14 StaticDependenciesID=ed9ff350d9db16535eed3659207431c5 
Number of updated asset objects reloaded before import = 0Number of asset objects unloaded after import = 0

========================================================================
Received Import Request.
  Time since last request: 0.000025 seconds.
  path: Assets/TextMesh Pro/Resources/LineBreaking Leading Characters.txt
  importAddress: Guid(d82c1b31c7e74239bff1220585707d2b) Importer(2089858483,b0f066a214c2f5e87bad3c948f4d605d)
Start importing Assets/TextMesh Pro/Resources/LineBreaking Leading Characters.txt using Guid(d82c1b31c7e74239bff1220585707d2b) Importer(2089858483,b0f066a214c2f5e87bad3c948f4d605d) (ScriptedImporter) -> (Import Result ID: '4e4f7e7a67bacbb47f9f4ae935efb052') in 0.010527 seconds [static and dynamic dependencies]. Details - ImportResultOutputID=21d021df79a1c2d88f38f7efc08c15d6 DependenciesID=b4b57beeb4264a473032fc54487d3946 StaticDependenciesID=dda605278c247b9c3f7e62e1f27042f7 
Number of updated asset objects reloaded before import = 0Number of asset objects unloaded after import = 1

========================================================================
Received Import Request.
  Time since last request: 0.000028 seconds.
  path: Assets/TutorialInfo/Layout.wlt
  importAddress: Guid(eabc9546105bf4accac1fd62a63e88e6) Importer(2089858483,b0f066a214c2f5e87bad3c948f4d605d)
Start importing Assets/TutorialInfo/Layout.wlt using Guid(eabc9546105bf4accac1fd62a63e88e6) Importer(2089858483,b0f066a214c2f5e87bad3c948f4d605d) (ScriptedImporter) -> (Import Result ID: '2db6fe48ab503f28b01562ec6507634a') in 0.0089871 seconds [static and dynamic dependencies]. Details - ImportResultOutputID=160839674ba55908e36ddc9fcc5fe75c DependenciesID=7727a2ae2d5e5898abd39aebb57d9dbd StaticDependenciesID=8fc76c5d890840b1ecd6a3fa413f5d98 
Number of updated asset objects reloaded before import = 0Number of asset objects unloaded after import = 1

========================================================================
Received Import Request.
  Time since last request: 0.000018 seconds.
  path: Assets/Starter Assets/Sample/FirstPersonController/Playground.unity
  importAddress: Guid(707acc8dffb72b144bb1ffbe1c965f3d) Importer(2089858483,b0f066a214c2f5e87bad3c948f4d605d)
Start importing Assets/Starter Assets/Sample/FirstPersonController/Playground.unity using Guid(707acc8dffb72b144bb1ffbe1c965f3d) Importer(2089858483,b0f066a214c2f5e87bad3c948f4d605d) (ScriptedImporter) -> (Import Result ID: 'ba8d49e6f2f20f9dec8e9727882a5dcf') in 0.011863 seconds [static and dynamic dependencies]. Details - ImportResultOutputID=d4386a0ebcd53be00b99cc77b4896743 DependenciesID=61a0871d7037f29e7b6c0e93cea1f716 StaticDependenciesID=ff130cb182ba29ab71acba0d22a97959 
Number of updated asset objects reloaded before import = 0Number of asset objects unloaded after import = 1

========================================================================
Received Import Request.
  Time since last request: 0.000014 seconds.
  path: Assets/_Recovery/0.unity
  importAddress: Guid(0a8796bdd2b176941b05c867296c4165) Importer(2089858483,b0f066a214c2f5e87bad3c948f4d605d)
Start importing Assets/_Recovery/0.unity using Guid(0a8796bdd2b176941b05c867296c4165) Importer(2089858483,b0f066a214c2f5e87bad3c948f4d605d) (ScriptedImporter) -> (Import Result ID: '5037077cfcec145baf32d0a216aa2e26') in 0.0113545 seconds [static and dynamic dependencies]. Details - ImportResultOutputID=a4e6e71be5959bbd371daa9f1be652e6 DependenciesID=66a96b97690ea7ffabfd6c8c1863f01b StaticDependenciesID=9ea2f6eb556eb4000b093f447eaa697e 
Number of updated asset objects reloaded before import = 0Number of asset objects unloaded after import = 1

========================================================================
Received Import Request.
  Time since last request: 0.000014 seconds.
  path: Assets/Starter Assets/Editor/URPWizard/URPWizard.asmdef
  importAddress: Guid(18828b1d1020dde47bec693eef18a5b9) Importer(2089858483,b0f066a214c2f5e87bad3c948f4d605d)
Start importing Assets/Starter Assets/Editor/URPWizard/URPWizard.asmdef using Guid(18828b1d1020dde47bec693eef18a5b9) Importer(2089858483,b0f066a214c2f5e87bad3c948f4d605d) (ScriptedImporter) -> (Import Result ID: 'a5e80ebd1d2d6d6ff69a983c5cd69ed6') in 0.0106897 seconds [static and dynamic dependencies]. Details - ImportResultOutputID=cebe491dbcd851d22b655772b0011780 DependenciesID=e461430a6141e5ba8083af69e395f9cd StaticDependenciesID=46c6cdd64757d0577b27a40276a593eb 
Number of updated asset objects reloaded before import = 0Number of asset objects unloaded after import = 1

========================================================================
Received Import Request.
  Time since last request: 0.000025 seconds.
  path: Assets/Settings/SampleSceneProfile.asset
  importAddress: Guid(10fc4df2da32a41aaa32d77bc913491c) Importer(2089858483,b0f066a214c2f5e87bad3c948f4d605d)
Start importing Assets/Settings/SampleSceneProfile.asset using Guid(10fc4df2da32a41aaa32d77bc913491c) Importer(2089858483,b0f066a214c2f5e87bad3c948f4d605d) (ScriptedImporter) -> (Import Result ID: '4bfac1de3778b56c556a5a282e87e439') in 0.0107545 seconds [static and dynamic dependencies]. Details - ImportResultOutputID=4f816a380ecd879a4c4621007a06a75d DependenciesID=0e70338bbed36b9ded0ba16b5015ea39 StaticDependenciesID=86e3ab624df47bc93621d2a05b042c79 
Number of updated asset objects reloaded before import = 0Number of asset objects unloaded after import = 1

========================================================================
Received Import Request.
  Time since last request: 0.000017 seconds.
  path: Assets/Starter Assets/Sample/FirstPersonController/Playground/LightingData.asset
  importAddress: Guid(2690b0834b22e2940b40018922228eb6) Importer(2089858483,b0f066a214c2f5e87bad3c948f4d605d)
Start importing Assets/Starter Assets/Sample/FirstPersonController/Playground/LightingData.asset using Guid(2690b0834b22e2940b40018922228eb6) Importer(2089858483,b0f066a214c2f5e87bad3c948f4d605d) (ScriptedImporter) -> (Import Result ID: '99e5e7cc1d0cd709b43518bd8d85c7bd') in 0.0119018 seconds [static and dynamic dependencies]. Details - ImportResultOutputID=ffcdb82c42bb5e8e8efe35cc3127fff3 DependenciesID=1b70f0b4f74e586b091dbaf4aa81c3c7 StaticDependenciesID=674651ff497fe06343e5fe69de32df0c 
Number of updated asset objects reloaded before import = 0Number of asset objects unloaded after import = 2

========================================================================
Received Import Request.
  Time since last request: 0.000023 seconds.
  path: Assets/Starter Assets/Sample/FirstPersonController/Playground/ReflectionProbe-1.exr
  importAddress: Guid(5515cbebf3ef1144ebf8d50ed9091e17) Importer(2089858483,b0f066a214c2f5e87bad3c948f4d605d)
Start importing Assets/Starter Assets/Sample/FirstPersonController/Playground/ReflectionProbe-1.exr using Guid(5515cbebf3ef1144ebf8d50ed9091e17) Importer(2089858483,b0f066a214c2f5e87bad3c948f4d605d) (ScriptedImporter) -> (Import Result ID: '1211f8160c73eeb9709ccc84361cdc33') in 0.0262241 seconds [static and dynamic dependencies]. Details - ImportResultOutputID=a5c9fb2718037ae7da600b457422ace1 DependenciesID=778968ddb7c4b0adc41c10b1fad98f1e StaticDependenciesID=df4a7ad95f1033c41954be42ae43447a 
Number of updated asset objects reloaded before import = 0Number of asset objects unloaded after import = 1

========================================================================
Received Import Request.
  Time since last request: 0.000015 seconds.
  path: Assets/Starter Assets/Sample/Environment/RenderPipelineProfiles/StarterAssetsURPGlobalSettings.asset
  importAddress: Guid(d075d680cccac4178aca7c82f2c05556) Importer(2089858483,b0f066a214c2f5e87bad3c948f4d605d)
Start importing Assets/Starter Assets/Sample/Environment/RenderPipelineProfiles/StarterAssetsURPGlobalSettings.asset using Guid(d075d680cccac4178aca7c82f2c05556) Importer(2089858483,b0f066a214c2f5e87bad3c948f4d605d) (ScriptedImporter) -> (Import Result ID: 'c56fbee1be9e147037034256842398c4') in 0.0603625 seconds [static and dynamic dependencies]. Details - ImportResultOutputID=c51240589f4594ce65e2c2e55b200936 DependenciesID=3be1203746579f5540537ccfc9fafece StaticDependenciesID=173d60821c8e99c7b63535f3f8f3000c 
Number of updated asset objects reloaded before import = 0Number of asset objects unloaded after import = 21

========================================================================
Received Import Request.
  Time since last request: 0.000015 seconds.
  path: Assets/Starter Assets/Editor/StarterAssetsDeployMenu.cs
  importAddress: Guid(e75357183ea302c4d998136de2cc9669) Importer(2089858483,b0f066a214c2f5e87bad3c948f4d605d)
Start importing Assets/Starter Assets/Editor/StarterAssetsDeployMenu.cs using Guid(e75357183ea302c4d998136de2cc9669) Importer(2089858483,b0f066a214c2f5e87bad3c948f4d605d) (ScriptedImporter) -> (Import Result ID: 'a6c2f62d37487d6ddafdaba64abbf70b') in 0.0110577 seconds [static and dynamic dependencies]. Details - ImportResultOutputID=596b6ee3fc73f78c8e415650e66d11d8 DependenciesID=332b3ecc8d588224f375ad0f502fd1b1 StaticDependenciesID=5d33d1411829f5da752a72a8a94d9fa5 
Number of updated asset objects reloaded before import = 0Number of asset objects unloaded after import = 0

========================================================================
Received Import Request.
  Time since last request: 0.000014 seconds.
  path: Assets/TextMesh Pro/Resources/Fonts & Materials/LiberationSans SDF - Drop Shadow.mat
  importAddress: Guid(e73a58f6e2794ae7b1b7e50b7fb811b0) Importer(2089858483,b0f066a214c2f5e87bad3c948f4d605d)
Start importing Assets/TextMesh Pro/Resources/Fonts & Materials/LiberationSans SDF - Drop Shadow.mat using Guid(e73a58f6e2794ae7b1b7e50b7fb811b0) Importer(2089858483,b0f066a214c2f5e87bad3c948f4d605d) (ScriptedImporter) -> (Import Result ID: 'c10aa9aa43455e042327df6f7eda5732') in 0.0173682 seconds [static and dynamic dependencies]. Details - ImportResultOutputID=1ea863ad161deeaaf0415c76a9b79ff0 DependenciesID=a50d6a7860a8b6dbb37eef200024da51 StaticDependenciesID=88019135da2da4fcd85cec6acfa02a85 
Number of updated asset objects reloaded before import = 0Number of asset objects unloaded after import = 2

========================================================================
Received Import Request.
  Time since last request: 0.000019 seconds.
  path: Assets/TextMesh Pro/Shaders/TMP_SDF-URP Unlit.shadergraph
  importAddress: Guid(124c112a6e8f1a54e8b0870e881b56d8) Importer(2089858483,b0f066a214c2f5e87bad3c948f4d605d)
Start importing Assets/TextMesh Pro/Shaders/TMP_SDF-URP Unlit.shadergraph using Guid(124c112a6e8f1a54e8b0870e881b56d8) Importer(2089858483,b0f066a214c2f5e87bad3c948f4d605d) (ScriptedImporter) -> (Import Result ID: '3e9f92e435d83851ab507857bfbb4c76') in 0.0213907 seconds [static and dynamic dependencies]. Details - ImportResultOutputID=96c70e6f433ce3ebfa6da364d5c255c9 DependenciesID=afc5da04fdbbaec7384850431f6f9974 StaticDependenciesID=2e70c7206d9e4ef7fea767e8a8a682a4 
Number of updated asset objects reloaded before import = 0Number of asset objects unloaded after import = 4

========================================================================
Received Import Request.
  Time since last request: 0.000032 seconds.
  path: Assets/Settings/Mobile_RPAsset.asset
  importAddress: Guid(5e6cbd92db86f4b18aec3ed561671858) Importer(2089858483,b0f066a214c2f5e87bad3c948f4d605d)
Start importing Assets/Settings/Mobile_RPAsset.asset using Guid(5e6cbd92db86f4b18aec3ed561671858) Importer(2089858483,b0f066a214c2f5e87bad3c948f4d605d) (ScriptedImporter) -> (Import Result ID: 'f91c5301ed88854687c958d5e18e0349') in 0.0165495 seconds [static and dynamic dependencies]. Details - ImportResultOutputID=bee3879316983d4982f8cb61f0d53f22 DependenciesID=32dc805b2d34ecc1892cab8a4bf3a39b StaticDependenciesID=bc4a32a7951a716226846dd7a25156a3 
Number of updated asset objects reloaded before import = 0Number of asset objects unloaded after import = 2

========================================================================
Received Import Request.
  Time since last request: 0.000015 seconds.
  path: Assets/TextMesh Pro/Shaders/SDFFunctions.hlsl
  importAddress: Guid(96de908384869cd409c75efa351d5edf) Importer(2089858483,b0f066a214c2f5e87bad3c948f4d605d)
Start importing Assets/TextMesh Pro/Shaders/SDFFunctions.hlsl using Guid(96de908384869cd409c75efa351d5edf) Importer(2089858483,b0f066a214c2f5e87bad3c948f4d605d) (ScriptedImporter) -> (Import Result ID: 'e63889ff6ff2b4debc0e0c42f0d8e519') in 0.0106499 seconds [static and dynamic dependencies]. Details - ImportResultOutputID=24dc520997ba45155295d758bbd79529 DependenciesID=c5c47cfe28a26d40b5e6e41c3c22b780 StaticDependenciesID=3bff8146d83da5cd9352f71ee2ae9e2c 
Number of updated asset objects reloaded before import = 0Number of asset objects unloaded after import = 1

========================================================================
Received Import Request.
  Time since last request: 0.000024 seconds.
  path: Assets/Readme.asset
  importAddress: Guid(8105016687592461f977c054a80ce2f2) Importer(2089858483,b0f066a214c2f5e87bad3c948f4d605d)
Start importing Assets/Readme.asset using Guid(8105016687592461f977c054a80ce2f2) Importer(2089858483,b0f066a214c2f5e87bad3c948f4d605d) (ScriptedImporter) -> (Import Result ID: '80bf4e07c0a1ff7bda677b5c907dc853') in 0.0128393 seconds [static and dynamic dependencies]. Details - ImportResultOutputID=6303797705249add5c37049c30b12191 DependenciesID=0334e152013890af7e25953b309a1b16 StaticDependenciesID=aea6e1cd556bfcdd983c43da83a41dd0 
Number of updated asset objects reloaded before import = 0Number of asset objects unloaded after import = 2

========================================================================
Received Import Request.
  Time since last request: 0.000021 seconds.
  path: Assets/Starter Assets/Sample/Environment/Prefabs/Ramp_100x100x200_Mesh.prefab
  importAddress: Guid(a9ef32e8d7c7bb84c8730e7347b637de) Importer(2089858483,b0f066a214c2f5e87bad3c948f4d605d)
Start importing Assets/Starter Assets/Sample/Environment/Prefabs/Ramp_100x100x200_Mesh.prefab using Guid(a9ef32e8d7c7bb84c8730e7347b637de) Importer(2089858483,b0f066a214c2f5e87bad3c948f4d605d) (ScriptedImporter) -> (Import Result ID: 'e8500e6249dafa7f3d1c63b683c50eef') in 0.0246715 seconds [static and dynamic dependencies]. Details - ImportResultOutputID=58f084ec4aea552bb37f2ee367ae4b65 DependenciesID=bb06dfcff480959242255af40e8415b7 StaticDependenciesID=86c485d4af5d800e53ce72925d2db008 
Number of updated asset objects reloaded before import = 0Number of asset objects unloaded after import = 14

========================================================================
Received Import Request.
  Time since last request: 0.000013 seconds.
  path: Assets/Starter Assets/Runtime/ThirdPersonController/Character/Animations/Stand--Idle.anim.fbx
  importAddress: Guid(12e52e465ed793a4d801955e9f964a82) Importer(2089858483,b0f066a214c2f5e87bad3c948f4d605d)
Start importing Assets/Starter Assets/Runtime/ThirdPersonController/Character/Animations/Stand--Idle.anim.fbx using Guid(12e52e465ed793a4d801955e9f964a82) Importer(2089858483,b0f066a214c2f5e87bad3c948f4d605d) (ScriptedImporter) -> (Import Result ID: '8a9025addd6a65a3dc2d63d46b6df29a') in 0.0272154 seconds [static and dynamic dependencies]. Details - ImportResultOutputID=c60f0b29860146bef0d601551936bdc0 DependenciesID=fe214bc9905c5cb7288dbd9b8175885d StaticDependenciesID=29df062aec8253c1de566f584a780d0a 
Number of updated asset objects reloaded before import = 0Number of asset objects unloaded after import = 144

========================================================================
Received Import Request.
  Time since last request: 0.000026 seconds.
  path: Assets/Starter Assets/Runtime/ThirdPersonController/Character/Animations/Jump--Jump.anim.fbx
  importAddress: Guid(98f277b0c8055e143b2fcf058d3c27dc) Importer(2089858483,b0f066a214c2f5e87bad3c948f4d605d)
Start importing Assets/Starter Assets/Runtime/ThirdPersonController/Character/Animations/Jump--Jump.anim.fbx using Guid(98f277b0c8055e143b2fcf058d3c27dc) Importer(2089858483,b0f066a214c2f5e87bad3c948f4d605d) (ScriptedImporter) -> (Import Result ID: '1f584e56a4f87f89889a0994770b634b') in 0.0211303 seconds [static and dynamic dependencies]. Details - ImportResultOutputID=a7560467ffcdd63c5957960315b863f3 DependenciesID=ef740e410cd347cc9947b1f529257098 StaticDependenciesID=56348eabf18038f906f1fbf9d0447f4e 
Number of updated asset objects reloaded before import = 0Number of asset objects unloaded after import = 145

========================================================================
Received Import Request.
  Time since last request: 0.000024 seconds.
  path: Assets/Starter Assets/Runtime/Mobile/Prefabs/EventSystem/UI_EventSystem.prefab
  importAddress: Guid(f0271df749728104eac22c3d897fd8ce) Importer(2089858483,b0f066a214c2f5e87bad3c948f4d605d)
Start importing Assets/Starter Assets/Runtime/Mobile/Prefabs/EventSystem/UI_EventSystem.prefab using Guid(f0271df749728104eac22c3d897fd8ce) Importer(2089858483,b0f066a214c2f5e87bad3c948f4d605d) (ScriptedImporter) -> (Import Result ID: '185e552a6b3ffe748694018b4d5e470d') in 0.1399925 seconds [static and dynamic dependencies]. Details - ImportResultOutputID=baba33b70ff9c82f5db8df45dff8abe1 DependenciesID=27b31543310e9c108c09a7ad5d45f580 StaticDependenciesID=ea577cb9f6e59fef0e6d9fa130edffcb 
Number of updated asset objects reloaded before import = 0Number of asset objects unloaded after import = 19

========================================================================
Received Import Request.
  Time since last request: 0.000045 seconds.
  path: Assets/Starter Assets/Sample/FirstPersonController/Playground/ReflectionProbe-2.exr
  importAddress: Guid(c49ef192a57a5af42a728163b2468c8a) Importer(2089858483,b0f066a214c2f5e87bad3c948f4d605d)
Start importing Assets/Starter Assets/Sample/FirstPersonController/Playground/ReflectionProbe-2.exr using Guid(c49ef192a57a5af42a728163b2468c8a) Importer(2089858483,b0f066a214c2f5e87bad3c948f4d605d) (ScriptedImporter) -> (Import Result ID: '614009c6608d2446ca1f91b7b6f6638e') in 0.0159345 seconds [static and dynamic dependencies]. Details - ImportResultOutputID=90ca2d77f304ecd134e63a2730da9e88 DependenciesID=2315c3f870245b9904b92bccde4149e6 StaticDependenciesID=b5a279b2c1cc2ceaf7f8d96998bf53ec 
Number of updated asset objects reloaded before import = 0Number of asset objects unloaded after import = 1

========================================================================
Received Import Request.
  Time since last request: 0.000016 seconds.
  path: Assets/Starter Assets/Runtime/ThirdPersonController/Prefabs/PlayerFollowCamera.prefab
  importAddress: Guid(a1a802ecaf6775746bb2a929fb554ad8) Importer(2089858483,b0f066a214c2f5e87bad3c948f4d605d)
Start importing Assets/Starter Assets/Runtime/ThirdPersonController/Prefabs/PlayerFollowCamera.prefab using Guid(a1a802ecaf6775746bb2a929fb554ad8) Importer(2089858483,b0f066a214c2f5e87bad3c948f4d605d) (ScriptedImporter) -> (Import Result ID: '301db4efbf995f5cd305a7d5c15b3e4f') in 0.0209546 seconds [static and dynamic dependencies]. Details - ImportResultOutputID=1c84ff9b94389d811b0a052b9be4a730 DependenciesID=f740e94563ab62b740ea946fa908e6e8 StaticDependenciesID=70608b2d9027b99cc8766294d0d3fa47 
Number of updated asset objects reloaded before import = 0Number of asset objects unloaded after import = 11

========================================================================
Received Import Request.
  Time since last request: 0.000023 seconds.
  path: Assets/Starter Assets/Runtime/Settings/DefaultVolumeProfile.asset
  importAddress: Guid(ea00d09ed05d3f443b3320fa54ec4b74) Importer(2089858483,b0f066a214c2f5e87bad3c948f4d605d)
Start importing Assets/Starter Assets/Runtime/Settings/DefaultVolumeProfile.asset using Guid(ea00d09ed05d3f443b3320fa54ec4b74) Importer(2089858483,b0f066a214c2f5e87bad3c948f4d605d) (ScriptedImporter) -> (Import Result ID: '0d5835e3625b95d6973263bc3179279a') in 0.0128003 seconds [static and dynamic dependencies]. Details - ImportResultOutputID=38fc6a632cbdcc5d554907bc2fbd8286 DependenciesID=68cfa47c62e3119f63973295332ba961 StaticDependenciesID=dff799a9ad7a34cdd018658965a6ed38 
Number of updated asset objects reloaded before import = 0Number of asset objects unloaded after import = 20

========================================================================
Received Import Request.
  Time since last request: 0.000013 seconds.
  path: Assets/Starter Assets/Runtime/InputSystem/StarterAssets.inputactions
  importAddress: Guid(4419d82f33d36e848b3ed5af4c8da37e) Importer(2089858483,b0f066a214c2f5e87bad3c948f4d605d)
Start importing Assets/Starter Assets/Runtime/InputSystem/StarterAssets.inputactions using Guid(4419d82f33d36e848b3ed5af4c8da37e) Importer(2089858483,b0f066a214c2f5e87bad3c948f4d605d) (ScriptedImporter) -> (Import Result ID: 'aabbed9006b99c3045627914b1ecbd42') in 0.015789 seconds [static and dynamic dependencies]. Details - ImportResultOutputID=b7cf62eade95d18659378346e57012e3 DependenciesID=7414afe5d6d05d5c1b96febfacd58bce StaticDependenciesID=0de1c4ca3a693b19c2ebeb2985f348fe 
Number of updated asset objects reloaded before import = 0Number of asset objects unloaded after import = 7

========================================================================
Received Import Request.
  Time since last request: 0.000015 seconds.
  path: Assets/Starter Assets/Editor/ThirdPersonStarterAssetsDeployMenu.cs
  importAddress: Guid(b70f45aa92a641feb261c5d55ce46edf) Importer(2089858483,b0f066a214c2f5e87bad3c948f4d605d)
Start importing Assets/Starter Assets/Editor/ThirdPersonStarterAssetsDeployMenu.cs using Guid(b70f45aa92a641feb261c5d55ce46edf) Importer(2089858483,b0f066a214c2f5e87bad3c948f4d605d) (ScriptedImporter) -> (Import Result ID: '0bbcb110cc4e66d2ad5617e6ef49915b') in 0.0102044 seconds [static and dynamic dependencies]. Details - ImportResultOutputID=c19455777d21f0141c979102e9a52662 DependenciesID=a6177121c6959f83ea78bf9dfade6b51 StaticDependenciesID=b36c4560787a50625db6035cda4001b5 
Number of updated asset objects reloaded before import = 0Number of asset objects unloaded after import = 0

========================================================================
Received Import Request.
  Time since last request: 0.000015 seconds.
  path: Assets/Starter Assets/Runtime/ThirdPersonController/Character/Textures/Armature_Arms_RGB.tif
  importAddress: Guid(9b46b2c2f21deb843b7ac9242d5f13e6) Importer(2089858483,b0f066a214c2f5e87bad3c948f4d605d)
Start importing Assets/Starter Assets/Runtime/ThirdPersonController/Character/Textures/Armature_Arms_RGB.tif using Guid(9b46b2c2f21deb843b7ac9242d5f13e6) Importer(2089858483,b0f066a214c2f5e87bad3c948f4d605d) (ScriptedImporter) -> (Import Result ID: 'bb1ffc53d7c7637510960b8612d7ea51') in 0.0237972 seconds [static and dynamic dependencies]. Details - ImportResultOutputID=2ce930d4d9d7070b5a31b2c40955e996 DependenciesID=3090a94528a31a7fefde641f02bd11a8 StaticDependenciesID=22a7cdb8fe2336f0fa0837a6c2976590 
Number of updated asset objects reloaded before import = 0Number of asset objects unloaded after import = 1

========================================================================
Received Import Request.
  Time since last request: 0.000013 seconds.
  path: Assets/Starter Assets/Runtime/ThirdPersonController/Character/Sfx/Player_Footstep_10.wav
  importAddress: Guid(a3194b8bbc96ef84fab1f98f4b7dae3e) Importer(2089858483,b0f066a214c2f5e87bad3c948f4d605d)
Start importing Assets/Starter Assets/Runtime/ThirdPersonController/Character/Sfx/Player_Footstep_10.wav using Guid(a3194b8bbc96ef84fab1f98f4b7dae3e) Importer(2089858483,b0f066a214c2f5e87bad3c948f4d605d) (ScriptedImporter) -> (Import Result ID: 'd3148451696b980e44c5b5d57bd93e0f') in 0.0157133 seconds [static and dynamic dependencies]. Details - ImportResultOutputID=63d5ef0968ad3950575da4bc71037ec6 DependenciesID=6b8a251785dc248495cf283743502860 StaticDependenciesID=3c91b3b40c360a6e9ca5d1f65ccb669f 
Number of updated asset objects reloaded before import = 0Number of asset objects unloaded after import = 1

========================================================================
Received Import Request.
  Time since last request: 0.000014 seconds.
  path: Assets/Starter Assets/Sample/Environment/Prefabs/Structure_Prefab.prefab
  importAddress: Guid(79e624e6a8770a946afb866fd94b394b) Importer(2089858483,b0f066a214c2f5e87bad3c948f4d605d)
Start importing Assets/Starter Assets/Sample/Environment/Prefabs/Structure_Prefab.prefab using Guid(79e624e6a8770a946afb866fd94b394b) Importer(2089858483,b0f066a214c2f5e87bad3c948f4d605d) (ScriptedImporter) -> (Import Result ID: '1c9690fb818d653611c62c0178bc4ee4') in 0.0153075 seconds [static and dynamic dependencies]. Details - ImportResultOutputID=b156123583ba58f2d77efa053d4d6a4a DependenciesID=f9821bf14787257e56a240a7753dee95 StaticDependenciesID=29700e4d12d7cd700ec71acb7c586e60 
Number of updated asset objects reloaded before import = 0Number of asset objects unloaded after import = 116

========================================================================
Received Import Request.
  Time since last request: 0.000023 seconds.
  path: Assets/Scenes/idou.unity
  importAddress: Guid(008bf3f3dc2ee3f458693a716304f16b) Importer(2089858483,b0f066a214c2f5e87bad3c948f4d605d)
Start importing Assets/Scenes/idou.unity using Guid(008bf3f3dc2ee3f458693a716304f16b) Importer(2089858483,b0f066a214c2f5e87bad3c948f4d605d) (ScriptedImporter) -> (Import Result ID: '6f910a354442b3a5283b152607534a45') in 0.0110699 seconds [static and dynamic dependencies]. Details - ImportResultOutputID=f057592027ad56ef24686183230a56db DependenciesID=1ba57588ff4314d8e2e6a4410c4ca9bc StaticDependenciesID=5716e955944ec6312c87808d6555492b 
Number of updated asset objects reloaded before import = 0Number of asset objects unloaded after import = 1

========================================================================
Received Import Request.
  Time since last request: 0.000013 seconds.
  path: Assets/TextMesh Pro/Fonts/LiberationSans - OFL.txt
  importAddress: Guid(6e59c59b81ab47f9b6ec5781fa725d2c) Importer(2089858483,b0f066a214c2f5e87bad3c948f4d605d)
Start importing Assets/TextMesh Pro/Fonts/LiberationSans - OFL.txt using Guid(6e59c59b81ab47f9b6ec5781fa725d2c) Importer(2089858483,b0f066a214c2f5e87bad3c948f4d605d) (ScriptedImporter) -> (Import Result ID: '84ae60f70e7c6fa102b1d400c5f18523') in 0.0143967 seconds [static and dynamic dependencies]. Details - ImportResultOutputID=912c1f82027a4dc28153aef9b82aee5b DependenciesID=6a2f663f61d50380090220a35058d61a StaticDependenciesID=7649750a4598ec734fc3c768683475c9 
Number of updated asset objects reloaded before import = 0Number of asset objects unloaded after import = 1

========================================================================
Received Import Request.
  Time since last request: 0.000013 seconds.
  path: Assets/TextMesh Pro/Shaders/TMP_SDF-HDRP UNLIT.shadergraph
  importAddress: Guid(f63d574838ccfb44f84acc05fed0af48) Importer(2089858483,b0f066a214c2f5e87bad3c948f4d605d)
Start importing Assets/TextMesh Pro/Shaders/TMP_SDF-HDRP UNLIT.shadergraph using Guid(f63d574838ccfb44f84acc05fed0af48) Importer(2089858483,b0f066a214c2f5e87bad3c948f4d605d) (ScriptedImporter) -> (Import Result ID: '7db307d88e002a81a5ae8ef8a8182e36') in 0.012208 seconds [static and dynamic dependencies]. Details - ImportResultOutputID=c656a7a1cee705a69db1fc283e6dd9f0 DependenciesID=5d80eade8f3ba71b3349bcc94ff3941a StaticDependenciesID=76664a18f50202a4e669f6b3997590d2 
Number of updated asset objects reloaded before import = 0Number of asset objects unloaded after import = 3

========================================================================
Received Import Request.
  Time since last request: 0.000011 seconds.
  path: Assets/Starter Assets/Runtime/Mobile/UI/ToucScreenInputStyle.uss
  importAddress: Guid(65f131e357a5ced4b9f5d34f036bd440) Importer(2089858483,b0f066a214c2f5e87bad3c948f4d605d)
Start importing Assets/Starter Assets/Runtime/Mobile/UI/ToucScreenInputStyle.uss using Guid(65f131e357a5ced4b9f5d34f036bd440) Importer(2089858483,b0f066a214c2f5e87bad3c948f4d605d) (ScriptedImporter) -> (Import Result ID: 'f261d1510a3faecab6247b1b06be3299') in 0.0136776 seconds [static and dynamic dependencies]. Details - ImportResultOutputID=ea25664ce3e84353983a3344bb63db50 DependenciesID=8f56f50c4404d207fd2a7047f061f986 StaticDependenciesID=88d73b2c8d8287c1ffbc72bbfa61215d 
Number of updated asset objects reloaded before import = 0Number of asset objects unloaded after import = 7

========================================================================
Received Import Request.
  Time since last request: 0.000014 seconds.
  path: Assets/Starter Assets/Runtime/ThirdPersonController/Character/Sfx/Player_Footstep_02.wav
  importAddress: Guid(85016e0f2b01da248b9663dd49a161b0) Importer(2089858483,b0f066a214c2f5e87bad3c948f4d605d)
Start importing Assets/Starter Assets/Runtime/ThirdPersonController/Character/Sfx/Player_Footstep_02.wav using Guid(85016e0f2b01da248b9663dd49a161b0) Importer(2089858483,b0f066a214c2f5e87bad3c948f4d605d) (ScriptedImporter) -> (Import Result ID: 'bfa6eedc78a38c1477bdcd2fa8d2c1a8') in 0.0140606 seconds [static and dynamic dependencies]. Details - ImportResultOutputID=47404e2552901d013c5042351dc269f6 DependenciesID=bccf28656f25958d71f2cd86d3355016 StaticDependenciesID=5f7da76fa2b3ac3751056b463ec579e0 
Number of updated asset objects reloaded before import = 0Number of asset objects unloaded after import = 1

========================================================================
Received Import Request.
  Time since last request: 0.000012 seconds.
  path: Assets/Settings/PC_Renderer.asset
  importAddress: Guid(f288ae1f4751b564a96ac7587541f7a2) Importer(2089858483,b0f066a214c2f5e87bad3c948f4d605d)
Start importing Assets/Settings/PC_Renderer.asset using Guid(f288ae1f4751b564a96ac7587541f7a2) Importer(2089858483,b0f066a214c2f5e87bad3c948f4d605d) (ScriptedImporter) -> (Import Result ID: '84a7f09c3bc31c026e91df02127c54c0') in 0.0208475 seconds [static and dynamic dependencies]. Details - ImportResultOutputID=75e607406bdaba107a4f8d4fa8a25ec6 DependenciesID=2befec61041d72b8a5b8c0d20991c443 StaticDependenciesID=2c3f6972d0f296b116fd4923e143a841 
Number of updated asset objects reloaded before import = 0Number of asset objects unloaded after import = 1

========================================================================
Received Import Request.
  Time since last request: 0.000023 seconds.
  path: Assets/TextMesh Pro/Shaders/TMP_SDF-Mobile-2-Pass.shader
  importAddress: Guid(0178fcb869bafef4690d177d31d17db8) Importer(2089858483,b0f066a214c2f5e87bad3c948f4d605d)
Start importing Assets/TextMesh Pro/Shaders/TMP_SDF-Mobile-2-Pass.shader using Guid(0178fcb869bafef4690d177d31d17db8) Importer(2089858483,b0f066a214c2f5e87bad3c948f4d605d) (ScriptedImporter) -> (Import Result ID: '36ead4b70a31378249d9dbbab3ce7f0e') in 0.0107369 seconds [static and dynamic dependencies]. Details - ImportResultOutputID=e65d15a8f33438f820cf0907c5366566 DependenciesID=d28afc64ffb5f426007afbfd9eaaa867 StaticDependenciesID=2936f04a1dd55b511cbbf5990c3e04da 
Number of updated asset objects reloaded before import = 0Number of asset objects unloaded after import = 1

========================================================================
Received Import Request.
  Time since last request: 0.000012 seconds.
  path: Assets/Starter Assets/Sample/FirstPersonController/Playground/ReflectionProbe-0.exr
  importAddress: Guid(ac547032e7ab2874b8b53ccbfec07526) Importer(2089858483,b0f066a214c2f5e87bad3c948f4d605d)
Start importing Assets/Starter Assets/Sample/FirstPersonController/Playground/ReflectionProbe-0.exr using Guid(ac547032e7ab2874b8b53ccbfec07526) Importer(2089858483,b0f066a214c2f5e87bad3c948f4d605d) (ScriptedImporter) -> (Import Result ID: 'c0dec1d84ce5b70f3bc137ae6c12f2dd') in 0.0115693 seconds [static and dynamic dependencies]. Details - ImportResultOutputID=33aa166847a176e3d310b6d7e71feea9 DependenciesID=903ecefb19d356f646c02fba48c81579 StaticDependenciesID=a01432a4dc6d27994fdcad4ee23e3a6a 
Number of updated asset objects reloaded before import = 0Number of asset objects unloaded after import = 1

========================================================================
Received Import Request.
  Time since last request: 0.000012 seconds.
  path: Assets/Starter Assets/Sample/Environment/Art/Models/Ramp_100x100x200_Mesh.fbx
  importAddress: Guid(bfff06aaff363a847ad37bf592364e6b) Importer(2089858483,b0f066a214c2f5e87bad3c948f4d605d)
Start importing Assets/Starter Assets/Sample/Environment/Art/Models/Ramp_100x100x200_Mesh.fbx using Guid(bfff06aaff363a847ad37bf592364e6b) Importer(2089858483,b0f066a214c2f5e87bad3c948f4d605d) (ScriptedImporter) -> (Import Result ID: 'a8e2d39c6489a3657b665b22f64808d2') in 0.0180308 seconds [static and dynamic dependencies]. Details - ImportResultOutputID=524a499c63ba70348946b18ec824bf9e DependenciesID=4a259e22b709e8521b7295ac0f9f599d StaticDependenciesID=c476c06c7e515307df9359996cea6e3b 
Number of updated asset objects reloaded before import = 0Number of asset objects unloaded after import = 8

========================================================================
Received Import Request.
  Time since last request: 0.000012 seconds.
  path: Assets/Starter Assets/Sample/Environment/Art/Materials/Blue_Mat.mat
  importAddress: Guid(979aef027a1c86c42a15ce35fce366fa) Importer(2089858483,b0f066a214c2f5e87bad3c948f4d605d)
Start importing Assets/Starter Assets/Sample/Environment/Art/Materials/Blue_Mat.mat using Guid(979aef027a1c86c42a15ce35fce366fa) Importer(2089858483,b0f066a214c2f5e87bad3c948f4d605d) (ScriptedImporter) -> (Import Result ID: '62fcbcd7d28e7c9062bf8bfff8e4c69b') in 0.0115481 seconds [static and dynamic dependencies]. Details - ImportResultOutputID=80befc74fb30d3ae7e6f21b3c7782c65 DependenciesID=30c17f01e115f237a77c4544290542a1 StaticDependenciesID=32cc0833eb27dd68e37b606dd07b4ed9 
Number of updated asset objects reloaded before import = 0Number of asset objects unloaded after import = 1

========================================================================
Received Import Request.
  Time since last request: 0.000012 seconds.
  path: Assets/Starter Assets/Sample/Environment/Art/Models/Tunnel_Mesh.fbx
  importAddress: Guid(f712806514868e54699156ec05dcb749) Importer(2089858483,b0f066a214c2f5e87bad3c948f4d605d)
Start importing Assets/Starter Assets/Sample/Environment/Art/Models/Tunnel_Mesh.fbx using Guid(f712806514868e54699156ec05dcb749) Importer(2089858483,b0f066a214c2f5e87bad3c948f4d605d) (ScriptedImporter) -> (Import Result ID: '49e121d49c46b23954f1180118f0a22b') in 0.0164352 seconds [static and dynamic dependencies]. Details - ImportResultOutputID=1b38f3d55db8f68e41afcb5d8993c6cb DependenciesID=eb02875065e0e3cb97c4fa174603810a StaticDependenciesID=7b663ca5d809f75d4a066c33e191b7e3 
Number of updated asset objects reloaded before import = 0Number of asset objects unloaded after import = 8

========================================================================
Received Import Request.
  Time since last request: 0.000015 seconds.
  path: Assets/TextMesh Pro/Shaders/TMP_SDF-Mobile SSD.shader
  importAddress: Guid(c8d12adcee749c344b8117cf7c7eb912) Importer(2089858483,b0f066a214c2f5e87bad3c948f4d605d)
Start importing Assets/TextMesh Pro/Shaders/TMP_SDF-Mobile SSD.shader using Guid(c8d12adcee749c344b8117cf7c7eb912) Importer(2089858483,b0f066a214c2f5e87bad3c948f4d605d) (ScriptedImporter) -> (Import Result ID: '90fedbb8cbc97334a4267aa717524ea3') in 0.0100537 seconds [static and dynamic dependencies]. Details - ImportResultOutputID=d2a3d8d9835147e35e8c78721c320d3e DependenciesID=a578f7175b39fdf13d460b2e1918207e StaticDependenciesID=149e413d0571861b315a3fb4601c570f 
Number of updated asset objects reloaded before import = 0Number of asset objects unloaded after import = 1

========================================================================
Received Import Request.
  Time since last request: 0.000023 seconds.
  path: Assets/Starter Assets/Runtime/Mobile/UI/Images/UI_Icon_Sprint.png
  importAddress: Guid(b0fa70abd2a79904cb00b175dfd8ec7e) Importer(2089858483,b0f066a214c2f5e87bad3c948f4d605d)
Start importing Assets/Starter Assets/Runtime/Mobile/UI/Images/UI_Icon_Sprint.png using Guid(b0fa70abd2a79904cb00b175dfd8ec7e) Importer(2089858483,b0f066a214c2f5e87bad3c948f4d605d) (ScriptedImporter) -> (Import Result ID: '776a8f8b92d56a71599bc8f0646af52e') in 0.0206536 seconds [static and dynamic dependencies]. Details - ImportResultOutputID=ceb5daf3edc2cfd6cf77430612178156 DependenciesID=232b25e47e6b6c27e6ae6e0b234a10d6 StaticDependenciesID=3a3a97c6bf5b36d346bb7dd7e6028b6e 
Number of updated asset objects reloaded before import = 0Number of asset objects unloaded after import = 3

========================================================================
Received Import Request.
  Time since last request: 0.000018 seconds.
  path: Assets/Starter Assets/Runtime/Mobile/Scripts/VirtualInput.cs
  importAddress: Guid(ed06e3b6fec5ecc4696004cedc31f0ac) Importer(2089858483,b0f066a214c2f5e87bad3c948f4d605d)
Start importing Assets/Starter Assets/Runtime/Mobile/Scripts/VirtualInput.cs using Guid(ed06e3b6fec5ecc4696004cedc31f0ac) Importer(2089858483,b0f066a214c2f5e87bad3c948f4d605d) (ScriptedImporter) -> (Import Result ID: 'dc964e60bb38711ae0852eb5ccd20594') in 0.0083927 seconds [static and dynamic dependencies]. Details - ImportResultOutputID=813a5522f30ccd6b370bac270cb665a0 DependenciesID=1a2a4ba695c9780422d0c0d2fd4c1492 StaticDependenciesID=37a9db682038821b045976089165b558 
Number of updated asset objects reloaded before import = 0Number of asset objects unloaded after import = 0

========================================================================
Received Import Request.
  Time since last request: 0.000013 seconds.
  path: Assets/Starter Assets/Editor/URPWizard/URPWizard.cs
  importAddress: Guid(6c1ba780f87ca5a4ea89d3330464ecf5) Importer(2089858483,b0f066a214c2f5e87bad3c948f4d605d)
Start importing Assets/Starter Assets/Editor/URPWizard/URPWizard.cs using Guid(6c1ba780f87ca5a4ea89d3330464ecf5) Importer(2089858483,b0f066a214c2f5e87bad3c948f4d605d) (ScriptedImporter) -> (Import Result ID: '48acb60da4c9b64180560e72f0505a68') in 0.0089935 seconds [static and dynamic dependencies]. Details - ImportResultOutputID=496f86896a6aec910833f975e094ee5f DependenciesID=dc711548d2fb8b5a24866052c46c03bb StaticDependenciesID=c74d993fe7fd012b8f020a323115e0b1 
Number of updated asset objects reloaded before import = 0Number of asset objects unloaded after import = 0

========================================================================
Received Import Request.
  Time since last request: 0.000019 seconds.
  path: Assets/Materials/New Material 8.mat
  importAddress: Guid(d41e601fa2235074ea6a55f87651974d) Importer(2089858483,b0f066a214c2f5e87bad3c948f4d605d)
Start importing Assets/Materials/New Material 8.mat using Guid(d41e601fa2235074ea6a55f87651974d) Importer(2089858483,b0f066a214c2f5e87bad3c948f4d605d) (ScriptedImporter) -> (Import Result ID: '76c77547af2c00deaabee9d5071436fb') in 0.0111853 seconds [static and dynamic dependencies]. Details - ImportResultOutputID=266087eafa2a70cd4c77c8a6d110c94c DependenciesID=588720e91d99a4645afa2c5c04e07702 StaticDependenciesID=906013827bcd73ecc3f07e948aba6128 
Number of updated asset objects reloaded before import = 0Number of asset objects unloaded after import = 1

========================================================================
Received Import Request.
  Time since last request: 0.000013 seconds.
  path: Assets/Starter Assets/Runtime/ThirdPersonController/Character/Animations/Locomotion--Walk_N_Land.anim.fbx
  importAddress: Guid(325a26d62b61fa94cb3c97c435efebc5) Importer(2089858483,b0f066a214c2f5e87bad3c948f4d605d)
Start importing Assets/Starter Assets/Runtime/ThirdPersonController/Character/Animations/Locomotion--Walk_N_Land.anim.fbx using Guid(325a26d62b61fa94cb3c97c435efebc5) Importer(2089858483,b0f066a214c2f5e87bad3c948f4d605d) (ScriptedImporter) -> (Import Result ID: '40bf8a929178f2945f0407efb86b378e') in 0.0162967 seconds [static and dynamic dependencies]. Details - ImportResultOutputID=e5ad413b88d7cb78db8dcb92ca908ada DependenciesID=260f70f9a1e4fa72b6f85fe1237fa51b StaticDependenciesID=c6a6bd8c1d95550e3e6a5a743a42c8d3 
Number of updated asset objects reloaded before import = 0Number of asset objects unloaded after import = 144

========================================================================
Received Import Request.
  Time since last request: 0.000015 seconds.
  path: Assets/TextMesh Pro/Shaders/TMP_SDF-Surface-Mobile.shader
  importAddress: Guid(85187c2149c549c5b33f0cdb02836b17) Importer(2089858483,b0f066a214c2f5e87bad3c948f4d605d)
Start importing Assets/TextMesh Pro/Shaders/TMP_SDF-Surface-Mobile.shader using Guid(85187c2149c549c5b33f0cdb02836b17) Importer(2089858483,b0f066a214c2f5e87bad3c948f4d605d) (ScriptedImporter) -> (Import Result ID: '87c41d4c9ef49ab3901d61fb1ef41c8c') in 0.0121384 seconds [static and dynamic dependencies]. Details - ImportResultOutputID=becc04527b98cef8289e7132f4ad6f91 DependenciesID=248168db15a96d3d5e50ec206ddaafc2 StaticDependenciesID=58c6b186186993a6af1eb808477416bb 
Number of updated asset objects reloaded before import = 0Number of asset objects unloaded after import = 1

========================================================================
Received Import Request.
  Time since last request: 0.000023 seconds.
  path: Assets/Starter Assets/Runtime/ThirdPersonController/Character/Textures/Armature_Body_Normal.tif
  importAddress: Guid(2a3daea46c599324e873f935ab08000a) Importer(2089858483,b0f066a214c2f5e87bad3c948f4d605d)
Start importing Assets/Starter Assets/Runtime/ThirdPersonController/Character/Textures/Armature_Body_Normal.tif using Guid(2a3daea46c599324e873f935ab08000a) Importer(2089858483,b0f066a214c2f5e87bad3c948f4d605d) (ScriptedImporter) -> (Import Result ID: '38b8c38962cffa8e6de58332d828c869') in 0.0157373 seconds [static and dynamic dependencies]. Details - ImportResultOutputID=76b2c9000d67de0b2cc2d294d10ae1a6 DependenciesID=1fec2fe075939bff4d1735596fde2cf2 StaticDependenciesID=bac8944320796fb7eec0a546703db467 
Number of updated asset objects reloaded before import = 0Number of asset objects unloaded after import = 1

========================================================================
Received Import Request.
  Time since last request: 0.000013 seconds.
  path: Assets/Starter Assets/Runtime/FirstPersonController/Scripts/FirstPersonController.cs
  importAddress: Guid(55919ac34a26952479f3fc91f777b2fa) Importer(2089858483,b0f066a214c2f5e87bad3c948f4d605d)
Start importing Assets/Starter Assets/Runtime/FirstPersonController/Scripts/FirstPersonController.cs using Guid(55919ac34a26952479f3fc91f777b2fa) Importer(2089858483,b0f066a214c2f5e87bad3c948f4d605d) (ScriptedImporter) -> (Import Result ID: '2adb5b6f1c395b5fb54babbc6c68ec9b') in 0.0098851 seconds [static and dynamic dependencies]. Details - ImportResultOutputID=e3189d2562ec803dcb541a869286bfe8 DependenciesID=6e598784d0c046d0c5c7890c3f49a4f4 StaticDependenciesID=8cf50b055ff448eb3588fd4d1eca5e3e 
Number of updated asset objects reloaded before import = 0Number of asset objects unloaded after import = 0

========================================================================
Received Import Request.
  Time since last request: 0.000014 seconds.
  path: Assets/Starter Assets/Sample/Environment/Shaders/Built-in_RP/ArmatureShader.shader
  importAddress: Guid(6d99c6e0a8f8bf44bb8bcb6e5a056d01) Importer(2089858483,b0f066a214c2f5e87bad3c948f4d605d)
Start importing Assets/Starter Assets/Sample/Environment/Shaders/Built-in_RP/ArmatureShader.shader using Guid(6d99c6e0a8f8bf44bb8bcb6e5a056d01) Importer(2089858483,b0f066a214c2f5e87bad3c948f4d605d) (ScriptedImporter) -> (Import Result ID: '804f1ce6f29db85a0c2f1e6c5cf92c6b') in 0.0094318 seconds [static and dynamic dependencies]. Details - ImportResultOutputID=556cbb3479e4badbb2f3f7017e7f48ed DependenciesID=87adf65fb284d050f0bf582254639021 StaticDependenciesID=a05ec6c0347fe0567e313145112c4be6 
Number of updated asset objects reloaded before import = 0Number of asset objects unloaded after import = 1

========================================================================
Received Import Request.
  Time since last request: 0.000014 seconds.
  path: Assets/Starter Assets/Sample/Environment/Art/Skybox/SkyboxLiteWarm.mat
  importAddress: Guid(aeab33f69c199e54794f516d31450ec4) Importer(2089858483,b0f066a214c2f5e87bad3c948f4d605d)
Start importing Assets/Starter Assets/Sample/Environment/Art/Skybox/SkyboxLiteWarm.mat using Guid(aeab33f69c199e54794f516d31450ec4) Importer(2089858483,b0f066a214c2f5e87bad3c948f4d605d) (ScriptedImporter) -> (Import Result ID: '56a5a9dce0f208786d10cb608904575d') in 0.0115839 seconds [static and dynamic dependencies]. Details - ImportResultOutputID=87a43ffb9bc8689878d8f71d6b7b5019 DependenciesID=6d9440077cea151cce8d820c071a382b StaticDependenciesID=75c79ed77b7d48c204a117640d92c2db 
Number of updated asset objects reloaded before import = 0Number of asset objects unloaded after import = 1

========================================================================
Received Import Request.
  Time since last request: 0.000011 seconds.
  path: Assets/Starter Assets/Sample/Environment/Art/Textures/Grid_01_Emissive.png
  importAddress: Guid(d4d6919451fe3e24388816386a6d15a4) Importer(2089858483,b0f066a214c2f5e87bad3c948f4d605d)
Start importing Assets/Starter Assets/Sample/Environment/Art/Textures/Grid_01_Emissive.png using Guid(d4d6919451fe3e24388816386a6d15a4) Importer(2089858483,b0f066a214c2f5e87bad3c948f4d605d) (ScriptedImporter) -> (Import Result ID: '6b26dcb0e961f4cc829bf20c90537132') in 0.0128166 seconds [static and dynamic dependencies]. Details - ImportResultOutputID=3a68772bc4ce8f58be1958ba5d15f921 DependenciesID=c1823e53e65fedd653e1262fcf240f95 StaticDependenciesID=182a72a7e3c1f2ddfc30b2dbeb557e41 
Number of updated asset objects reloaded before import = 0Number of asset objects unloaded after import = 1

========================================================================
Received Import Request.
  Time since last request: 0.000016 seconds.
  path: Assets/Starter Assets/Sample/Environment/Art/Materials/URP_HDRP_ShaderGraph/ShaderGraphGrid_01_Mat.mat
  importAddress: Guid(4589b87b8508f6e48b8fddb385924b16) Importer(2089858483,b0f066a214c2f5e87bad3c948f4d605d)
Start importing Assets/Starter Assets/Sample/Environment/Art/Materials/URP_HDRP_ShaderGraph/ShaderGraphGrid_01_Mat.mat using Guid(4589b87b8508f6e48b8fddb385924b16) Importer(2089858483,b0f066a214c2f5e87bad3c948f4d605d) (ScriptedImporter) -> (Import Result ID: '92a0944cd549bb49941529cadb6bceb8') in 0.0169227 seconds [static and dynamic dependencies]. Details - ImportResultOutputID=59511337ada1528cb2cd9d019d749e08 DependenciesID=52265921caa0d1ea9a54def23dbf7927 StaticDependenciesID=b6db8ee06c2fc000f7bd34e13fe7fba1 
Number of updated asset objects reloaded before import = 0Number of asset objects unloaded after import = 8

========================================================================
Received Import Request.
  Time since last request: 0.000024 seconds.
  path: Assets/Starter Assets/TutorialInfo/Icons/ReadMeImg.PNG
  importAddress: Guid(44a17a5b205fcd349a24700e6f5615bd) Importer(2089858483,b0f066a214c2f5e87bad3c948f4d605d)
Start importing Assets/Starter Assets/TutorialInfo/Icons/ReadMeImg.PNG using Guid(44a17a5b205fcd349a24700e6f5615bd) Importer(2089858483,b0f066a214c2f5e87bad3c948f4d605d) (ScriptedImporter) -> (Import Result ID: '57cd17185ee25c366e5c6516de980722') in 0.0127811 seconds [static and dynamic dependencies]. Details - ImportResultOutputID=786cf714c9738833ade1c685112bd8d8 DependenciesID=557920eff3de4811b92a92cbec0eb58e StaticDependenciesID=abd04c04bcc21a1e85fbb473cc1c493f 
Number of updated asset objects reloaded before import = 0Number of asset objects unloaded after import = 1

========================================================================
Received Import Request.
  Time since last request: 0.000013 seconds.
  path: Assets/Starter Assets/Runtime/ThirdPersonController/Character/Textures/Armature_Body_AlbedoTransparency.tif
  importAddress: Guid(28d78c5517421f047b88352f3b18e8e7) Importer(2089858483,b0f066a214c2f5e87bad3c948f4d605d)
Start importing Assets/Starter Assets/Runtime/ThirdPersonController/Character/Textures/Armature_Body_AlbedoTransparency.tif using Guid(28d78c5517421f047b88352f3b18e8e7) Importer(2089858483,b0f066a214c2f5e87bad3c948f4d605d) (ScriptedImporter) -> (Import Result ID: '23b85c0bfdec31058348dea5a69d9c29') in 0.0156235 seconds [static and dynamic dependencies]. Details - ImportResultOutputID=edea94759b789787f00f772c560392e0 DependenciesID=fee05a1b636b826e1ef7ea2d2596521b StaticDependenciesID=5ff09e969d80949732d40b873dc2aa10 
Number of updated asset objects reloaded before import = 0Number of asset objects unloaded after import = 1

========================================================================
Received Import Request.
  Time since last request: 0.000013 seconds.
  path: Assets/Starter Assets/Sample/Environment/Art/Textures/Grid_01_Normal.png
  importAddress: Guid(c5c221ed57a3bf6488f8eba0db28a004) Importer(2089858483,b0f066a214c2f5e87bad3c948f4d605d)
Start importing Assets/Starter Assets/Sample/Environment/Art/Textures/Grid_01_Normal.png using Guid(c5c221ed57a3bf6488f8eba0db28a004) Importer(2089858483,b0f066a214c2f5e87bad3c948f4d605d) (ScriptedImporter) -> (Import Result ID: '8ef728bb2281d173754f2e2a5eb180c5') in 0.013114 seconds [static and dynamic dependencies]. Details - ImportResultOutputID=48fd998a93ace5132180199afd80005d DependenciesID=0842992bedf7bf3dd1c2fec6791c2db5 StaticDependenciesID=fe0777cc4a146802e770a9e9f1a5f262 
Number of updated asset objects reloaded before import = 0Number of asset objects unloaded after import = 1

========================================================================
Received Import Request.
  Time since last request: 0.000013 seconds.
  path: Assets/Starter Assets/Runtime/ThirdPersonController/Character/Sfx/Player_Land.wav
  importAddress: Guid(ff697d3070687ce4583faa0561a145a2) Importer(2089858483,b0f066a214c2f5e87bad3c948f4d605d)
Start importing Assets/Starter Assets/Runtime/ThirdPersonController/Character/Sfx/Player_Land.wav using Guid(ff697d3070687ce4583faa0561a145a2) Importer(2089858483,b0f066a214c2f5e87bad3c948f4d605d) (ScriptedImporter) -> (Import Result ID: '7d3c02d1bd3c2996f93d17d435062f72') in 0.0112651 seconds [static and dynamic dependencies]. Details - ImportResultOutputID=44874a89a219becd8cb76a83d5eaa0d7 DependenciesID=d0e0446888ff6d5e7710f7edc688a22c StaticDependenciesID=bb604c40855aedf318ca18f099a65da5 
Number of updated asset objects reloaded before import = 0Number of asset objects unloaded after import = 1

========================================================================
Received Import Request.
  Time since last request: 0.000013 seconds.
  path: Assets/Starter Assets/Runtime/ThirdPersonController/Character/Animations/Locomotion--Walk_N.anim.fbx
  importAddress: Guid(8269a9f8cf495034c817722ac21f309f) Importer(2089858483,b0f066a214c2f5e87bad3c948f4d605d)
Start importing Assets/Starter Assets/Runtime/ThirdPersonController/Character/Animations/Locomotion--Walk_N.anim.fbx using Guid(8269a9f8cf495034c817722ac21f309f) Importer(2089858483,b0f066a214c2f5e87bad3c948f4d605d) (ScriptedImporter) -> (Import Result ID: 'bb44127d0ae12157e1ea188d0376b0cd') in 0.0159092 seconds [static and dynamic dependencies]. Details - ImportResultOutputID=feab28e5e2c9768a5b18554f31ef67b7 DependenciesID=7b303413d3e76f0b7f713099b0f1543d StaticDependenciesID=9c66763c4d54d1f6344d7d90ad80786c 
Number of updated asset objects reloaded before import = 0Number of asset objects unloaded after import = 144

========================================================================
Received Import Request.
  Time since last request: 0.000018 seconds.
  path: Assets/Materials/New Material.mat
  importAddress: Guid(29927b0f0ba295f48aa542d4497cee5b) Importer(2089858483,b0f066a214c2f5e87bad3c948f4d605d)
Start importing Assets/Materials/New Material.mat using Guid(29927b0f0ba295f48aa542d4497cee5b) Importer(2089858483,b0f066a214c2f5e87bad3c948f4d605d) (ScriptedImporter) -> (Import Result ID: '5c55ccb7948e9aafb05d2f7088e3b426') in 0.0117495 seconds [static and dynamic dependencies]. Details - ImportResultOutputID=63bdf52bf6a73dbbef6ff3c1159a75ac DependenciesID=e58d9eb79ad8b2605eb5170b3cf9cbb2 StaticDependenciesID=76e39296f4cadb8cadbea0eb510d2f9a 
Number of updated asset objects reloaded before import = 0Number of asset objects unloaded after import = 1

========================================================================
Received Import Request.
  Time since last request: 0.000024 seconds.
  path: Assets/Starter Assets/Sample/Environment/Art/Models/Box_350x250x300_Mesh.fbx
  importAddress: Guid(d2f0da3998423f44594868ffed55c3e6) Importer(2089858483,b0f066a214c2f5e87bad3c948f4d605d)
Start importing Assets/Starter Assets/Sample/Environment/Art/Models/Box_350x250x300_Mesh.fbx using Guid(d2f0da3998423f44594868ffed55c3e6) Importer(2089858483,b0f066a214c2f5e87bad3c948f4d605d) (ScriptedImporter) -> (Import Result ID: '170dad398c2c1d9d0c936fea10c71446') in 0.0161656 seconds [static and dynamic dependencies]. Details - ImportResultOutputID=1aad05ab143467e71948e7555759a0ec DependenciesID=657d2572ff540bae9415d7f79113037e StaticDependenciesID=80ccb57ef0659832694cc8eb0b485449 
Number of updated asset objects reloaded before import = 0Number of asset objects unloaded after import = 8

========================================================================
Received Import Request.
  Time since last request: 0.000014 seconds.
  path: Assets/Starter Assets/Runtime/ThirdPersonController/Character/Sfx/Player_Footstep_08.wav
  importAddress: Guid(67c8b33e424ccdc4486edf538ab91c5a) Importer(2089858483,b0f066a214c2f5e87bad3c948f4d605d)
Start importing Assets/Starter Assets/Runtime/ThirdPersonController/Character/Sfx/Player_Footstep_08.wav using Guid(67c8b33e424ccdc4486edf538ab91c5a) Importer(2089858483,b0f066a214c2f5e87bad3c948f4d605d) (ScriptedImporter) -> (Import Result ID: '8748b2555c82be01d3a5a01e1aafdb96') in 0.0163455 seconds [static and dynamic dependencies]. Details - ImportResultOutputID=8859770687424df6f16e55fa3c04d988 DependenciesID=9657022bf4aaa9181c1da954aa98288d StaticDependenciesID=a425bc415335b06262183f0904f9aa8d 
Number of updated asset objects reloaded before import = 0Number of asset objects unloaded after import = 1

========================================================================
Received Import Request.
  Time since last request: 0.000013 seconds.
  path: Assets/Starter Assets/Runtime/Settings/Ultra_PipelineAsset_ForwardRenderer.asset
  importAddress: Guid(4ee808e09c6774436b0c2a048e53e708) Importer(2089858483,b0f066a214c2f5e87bad3c948f4d605d)
Start importing Assets/Starter Assets/Runtime/Settings/Ultra_PipelineAsset_ForwardRenderer.asset using Guid(4ee808e09c6774436b0c2a048e53e708) Importer(2089858483,b0f066a214c2f5e87bad3c948f4d605d) (ScriptedImporter) -> (Import Result ID: 'b24c2f9ccbacba00533b4a6d9fa001b1') in 0.0138275 seconds [static and dynamic dependencies]. Details - ImportResultOutputID=55b6f621d8b16ff0ffb819db8738f8fa DependenciesID=e0d67189c256f49597fc89d3edc55444 StaticDependenciesID=5b7c9326c1012176b178fbf9f6830a63 
Number of updated asset objects reloaded before import = 0Number of asset objects unloaded after import = 1

========================================================================
Received Import Request.
  Time since last request: 0.000013 seconds.
  path: Assets/Starter Assets/Editor/Unity.StartAssets.Editor.asmdef
  importAddress: Guid(65197035c7dd3894d8e8f7a6513ffc01) Importer(2089858483,b0f066a214c2f5e87bad3c948f4d605d)
Start importing Assets/Starter Assets/Editor/Unity.StartAssets.Editor.asmdef using Guid(65197035c7dd3894d8e8f7a6513ffc01) Importer(2089858483,b0f066a214c2f5e87bad3c948f4d605d) (ScriptedImporter) -> (Import Result ID: '093de28d9584a1f84094645fe7627508') in 0.0098595 seconds [static and dynamic dependencies]. Details - ImportResultOutputID=cac0513ef4cd65385189fd6d4fa1fc02 DependenciesID=58f38c21316f74820630aad25b202a98 StaticDependenciesID=7babdddc09bd38a25477486e97251320 
Number of updated asset objects reloaded before import = 0Number of asset objects unloaded after import = 1

========================================================================
Received Import Request.
  Time since last request: 0.000029 seconds.
  path: Assets/Starter Assets/Sample/ThirdPersonController/Playground.unity
  importAddress: Guid(e9017d5f96b9f09489b4b37e1d6eb914) Importer(2089858483,b0f066a214c2f5e87bad3c948f4d605d)
Start importing Assets/Starter Assets/Sample/ThirdPersonController/Playground.unity using Guid(e9017d5f96b9f09489b4b37e1d6eb914) Importer(2089858483,b0f066a214c2f5e87bad3c948f4d605d) (ScriptedImporter) -> (Import Result ID: '3a3a65025647bfaa8f87cb96c1186b7d') in 0.0102467 seconds [static and dynamic dependencies]. Details - ImportResultOutputID=41dbc8837fb38a6d136b712321b14e69 DependenciesID=657026cb4cceea4d6c77cc76049aa272 StaticDependenciesID=dc88fa1f4331e8509706f5dd98a2b26b 
Number of updated asset objects reloaded before import = 0Number of asset objects unloaded after import = 1

========================================================================
Received Import Request.
  Time since last request: 0.000015 seconds.
  path: Assets/Starter Assets/Sample/Environment/Art/Materials/GreyBlue_Mat.mat
  importAddress: Guid(6b911390c5825014e8377183a7837d3f) Importer(2089858483,b0f066a214c2f5e87bad3c948f4d605d)
Start importing Assets/Starter Assets/Sample/Environment/Art/Materials/GreyBlue_Mat.mat using Guid(6b911390c5825014e8377183a7837d3f) Importer(2089858483,b0f066a214c2f5e87bad3c948f4d605d) (ScriptedImporter) -> (Import Result ID: '0955227bcdcb74662175e1df941e85be') in 0.01342 seconds [static and dynamic dependencies]. Details - ImportResultOutputID=f3d276fb5cb4f923354cb375920aa86c DependenciesID=9cf153dd0fc493bbb336d130a51b0291 StaticDependenciesID=967cf0cd29af11bba7a5644ce8265f83 
Number of updated asset objects reloaded before import = 0Number of asset objects unloaded after import = 1

========================================================================
Received Import Request.
  Time since last request: 0.000025 seconds.
  path: Assets/Starter Assets/Sample/Environment/RenderPipelineProfiles/StarterAssetsURPRenderer.asset
  importAddress: Guid(14d1d515dbdfb4206ae3afd891bf975b) Importer(2089858483,b0f066a214c2f5e87bad3c948f4d605d)
Start importing Assets/Starter Assets/Sample/Environment/RenderPipelineProfiles/StarterAssetsURPRenderer.asset using Guid(14d1d515dbdfb4206ae3afd891bf975b) Importer(2089858483,b0f066a214c2f5e87bad3c948f4d605d) (ScriptedImporter) -> (Import Result ID: '796e2f0d15d51e79e614f2ad30bb45a9') in 0.0141071 seconds [static and dynamic dependencies]. Details - ImportResultOutputID=8790456cdf9612de05d75706a29db73e DependenciesID=0acc26e7cf55708c91712dfee64c0569 StaticDependenciesID=dca42b79a20d57b8743cbab008a91dcb 
Number of updated asset objects reloaded before import = 0Number of asset objects unloaded after import = 1

========================================================================
Received Import Request.
  Time since last request: 0.000021 seconds.
  path: Assets/Settings/Mobile_Renderer.asset
  importAddress: Guid(65bc7dbf4170f435aa868c779acfb082) Importer(2089858483,b0f066a214c2f5e87bad3c948f4d605d)
Start importing Assets/Settings/Mobile_Renderer.asset using Guid(65bc7dbf4170f435aa868c779acfb082) Importer(2089858483,b0f066a214c2f5e87bad3c948f4d605d) (ScriptedImporter) -> (Import Result ID: 'aa7901899ea046235cf1c4e8b8149d4e') in 0.0134994 seconds [static and dynamic dependencies]. Details - ImportResultOutputID=f5061f334bc48a537a153f34cc79d9ff DependenciesID=31931decc1c3de68010f5ab98b4b74c9 StaticDependenciesID=479ec06a013f88c318b3be9f7d7efee1 
Number of updated asset objects reloaded before import = 0Number of asset objects unloaded after import = 1

========================================================================
Received Import Request.
  Time since last request: 0.000015 seconds.
  path: Assets/TextMesh Pro/Resources/Fonts & Materials/LiberationSans SDF - Fallback.asset
  importAddress: Guid(2e498d1c8094910479dc3e1b768306a4) Importer(2089858483,b0f066a214c2f5e87bad3c948f4d605d)
Start importing Assets/TextMesh Pro/Resources/Fonts & Materials/LiberationSans SDF - Fallback.asset using Guid(2e498d1c8094910479dc3e1b768306a4) Importer(2089858483,b0f066a214c2f5e87bad3c948f4d605d) (ScriptedImporter) -> (Import Result ID: '87e417a9cbff848334aa324f3bae47d5') in 0.0204247 seconds [static and dynamic dependencies]. Details - ImportResultOutputID=d62d5443adbc6e08225a746bacbf7e6c DependenciesID=edf6f769862fa712861445a95d4b60f7 StaticDependenciesID=8517010cdcf415fd45c6afe5df9513bc 
Number of updated asset objects reloaded before import = 0Number of asset objects unloaded after import = 5

========================================================================
Received Import Request.
  Time since last request: 0.000013 seconds.
  path: Assets/Starter Assets/Runtime/ThirdPersonController/Character/Materials/Built-in_RP/M_ArmatureColor_Body.mat
  importAddress: Guid(9564d3bbc73fcb64792156cb4e2758a4) Importer(2089858483,b0f066a214c2f5e87bad3c948f4d605d)
Start importing Assets/Starter Assets/Runtime/ThirdPersonController/Character/Materials/Built-in_RP/M_ArmatureColor_Body.mat using Guid(9564d3bbc73fcb64792156cb4e2758a4) Importer(2089858483,b0f066a214c2f5e87bad3c948f4d605d) (ScriptedImporter) -> (Import Result ID: '6b6b5a1c6170bb7aeeb7d5b24ec5b68c') in 0.0544907 seconds [static and dynamic dependencies]. Details - ImportResultOutputID=02d37aefee937be09a4c9ae434fe38c2 DependenciesID=9405606603510b02119d934235c5f61d StaticDependenciesID=c0439fd509091038d48d83a0eab9d9d1 
Number of updated asset objects reloaded before import = 0Number of asset objects unloaded after import = 5

========================================================================
Received Import Request.
  Time since last request: 0.000020 seconds.
  path: Assets/Starter Assets/Sample/Environment/Art/Models/Ramp_Mesh.fbx
  importAddress: Guid(426a2785f8a940049aac2c246661cf09) Importer(2089858483,b0f066a214c2f5e87bad3c948f4d605d)
Start importing Assets/Starter Assets/Sample/Environment/Art/Models/Ramp_Mesh.fbx using Guid(426a2785f8a940049aac2c246661cf09) Importer(2089858483,b0f066a214c2f5e87bad3c948f4d605d) (ScriptedImporter) -> (Import Result ID: '7452c3c3ce67d5e75902a6a9a04ef52b') in 0.0135651 seconds [static and dynamic dependencies]. Details - ImportResultOutputID=b5d03396086505916e704f8de6be8728 DependenciesID=32132b43123b34cc4fab7082bbcca184 StaticDependenciesID=56b02ed5ee0025405948ea30b8ab16f3 
Number of updated asset objects reloaded before import = 0Number of asset objects unloaded after import = 8

========================================================================
Received Import Request.
  Time since last request: 0.000026 seconds.
  path: Assets/Starter Assets/Runtime/ThirdPersonController/Character/Textures/Armature_Legs_Normal.tif
  importAddress: Guid(b2c5d9c39850da946ae135dcb57faaea) Importer(2089858483,b0f066a214c2f5e87bad3c948f4d605d)
Start importing Assets/Starter Assets/Runtime/ThirdPersonController/Character/Textures/Armature_Legs_Normal.tif using Guid(b2c5d9c39850da946ae135dcb57faaea) Importer(2089858483,b0f066a214c2f5e87bad3c948f4d605d) (ScriptedImporter) -> (Import Result ID: '5ea9f4ea668ace8dbdbacd91b755f7c5') in 0.0162327 seconds [static and dynamic dependencies]. Details - ImportResultOutputID=3122cdebd5ee4196607b5f1e06bc2455 DependenciesID=dbda034a9739de205ac8ee1c3154fb98 StaticDependenciesID=43a7c51c12364886f85e6ae0a37e7e2d 
Number of updated asset objects reloaded before import = 0Number of asset objects unloaded after import = 1

========================================================================
Received Import Request.
  Time since last request: 0.000014 seconds.
  path: Assets/Starter Assets/Sample/Environment/Art/Models/Structure_Mesh.fbx
  importAddress: Guid(d0a9bfb4b5f28174884e89dd76563ae8) Importer(2089858483,b0f066a214c2f5e87bad3c948f4d605d)
Start importing Assets/Starter Assets/Sample/Environment/Art/Models/Structure_Mesh.fbx using Guid(d0a9bfb4b5f28174884e89dd76563ae8) Importer(2089858483,b0f066a214c2f5e87bad3c948f4d605d) (ScriptedImporter) -> (Import Result ID: '9069920193a99828125463e00bbf7feb') in 0.015488 seconds [static and dynamic dependencies]. Details - ImportResultOutputID=8da6f46e5812757c615329d63e561f8f DependenciesID=87da87fe32dfc215905dc97f5fb304af StaticDependenciesID=b6cd59f9b273dde848c44641a002864d 
Number of updated asset objects reloaded before import = 0Number of asset objects unloaded after import = 8

========================================================================
Received Import Request.
  Time since last request: 0.000016 seconds.
  path: Assets/Starter Assets/Sample/Environment/Art/Skybox/SkyboxLite.mat
  importAddress: Guid(f6c51332ac7d92541a38fb263b09d2a8) Importer(2089858483,b0f066a214c2f5e87bad3c948f4d605d)
Start importing Assets/Starter Assets/Sample/Environment/Art/Skybox/SkyboxLite.mat using Guid(f6c51332ac7d92541a38fb263b09d2a8) Importer(2089858483,b0f066a214c2f5e87bad3c948f4d605d) (ScriptedImporter) -> (Import Result ID: '153bf47af61190a0d7d7e25cce316195') in 0.0115963 seconds [static and dynamic dependencies]. Details - ImportResultOutputID=94b6d0cb97f1cf07b443abf88655f76c DependenciesID=dc1bbf237a455e1606fffe9b3ec4219d StaticDependenciesID=0b4840d25c8a66ebf39eb394044c0051 
Number of updated asset objects reloaded before import = 0Number of asset objects unloaded after import = 1

========================================================================
Received Import Request.
  Time since last request: 0.000013 seconds.
  path: Assets/Prefab/Map.prefab
  importAddress: Guid(1b1d98917b90fdc4b9099409d2aadd28) Importer(2089858483,b0f066a214c2f5e87bad3c948f4d605d)
Start importing Assets/Prefab/Map.prefab using Guid(1b1d98917b90fdc4b9099409d2aadd28) Importer(2089858483,b0f066a214c2f5e87bad3c948f4d605d) (ScriptedImporter) -> (Import Result ID: '9f4af98aca6568cc5a9457079a7511b1') in 0.0185648 seconds [static and dynamic dependencies]. Details - ImportResultOutputID=acd516825a98d547e92170891df4736c DependenciesID=facd91ce4403ab36baa4c3a4c283ab56 StaticDependenciesID=ce2d738a3ab91c6fb59a4c9bfb919fa8 
Number of updated asset objects reloaded before import = 0Number of asset objects unloaded after import = 614

========================================================================
Received Import Request.
  Time since last request: 0.000012 seconds.
  path: Assets/Starter Assets/Runtime/Settings/Ultra_PipelineAsset.asset
  importAddress: Guid(8b79b977e86dc420c9a4b7b6c05a74a8) Importer(2089858483,b0f066a214c2f5e87bad3c948f4d605d)
Start importing Assets/Starter Assets/Runtime/Settings/Ultra_PipelineAsset.asset using Guid(8b79b977e86dc420c9a4b7b6c05a74a8) Importer(2089858483,b0f066a214c2f5e87bad3c948f4d605d) (ScriptedImporter) -> (Import Result ID: '3866684f8f427ade6b8b47d238a59038') in 0.0172883 seconds [static and dynamic dependencies]. Details - ImportResultOutputID=ac458035e7738076ad021953526d8598 DependenciesID=fea8f03188b572a90496e6eeaa768176 StaticDependenciesID=fea0b033fc2b6dfa73ddd6cf96ea37b6 
Number of updated asset objects reloaded before import = 0Number of asset objects unloaded after import = 2

========================================================================
Received Import Request.
  Time since last request: 0.000015 seconds.
  path: Assets/Starter Assets/Sample/Environment/Art/Models/Stairs_650_400_300_Mesh.fbx
  importAddress: Guid(7e0223e1d3e1733499accfa5ebffb67e) Importer(2089858483,b0f066a214c2f5e87bad3c948f4d605d)
Start importing Assets/Starter Assets/Sample/Environment/Art/Models/Stairs_650_400_300_Mesh.fbx using Guid(7e0223e1d3e1733499accfa5ebffb67e) Importer(2089858483,b0f066a214c2f5e87bad3c948f4d605d) (ScriptedImporter) -> (Import Result ID: '8cfb4ba81ae77e28fd2ac3e9eaa1f2db') in 0.0152009 seconds [static and dynamic dependencies]. Details - ImportResultOutputID=46bfbb6fae4fb8cbf18fb5358cc180e4 DependenciesID=7185cc4f64928cd1e26ca2de8159ea36 StaticDependenciesID=4abdc8e61133252f967da99b4a16291e 
Number of updated asset objects reloaded before import = 0Number of asset objects unloaded after import = 16

========================================================================
Received Import Request.
  Time since last request: 0.000022 seconds.
  path: Assets/TextMesh Pro/Shaders/TMP_SDF-HDRP LIT.shadergraph
  importAddress: Guid(ca2ed216f98028c4dae6c5224a952b3c) Importer(2089858483,b0f066a214c2f5e87bad3c948f4d605d)
Start importing Assets/TextMesh Pro/Shaders/TMP_SDF-HDRP LIT.shadergraph using Guid(ca2ed216f98028c4dae6c5224a952b3c) Importer(2089858483,b0f066a214c2f5e87bad3c948f4d605d) (ScriptedImporter) -> (Import Result ID: 'de1bc1e81c7189d0cf8437a8f700d022') in 0.0146729 seconds [static and dynamic dependencies]. Details - ImportResultOutputID=7b86705c3a871b2b8bd2624f4a8491fa DependenciesID=76e12806a6065d62b500afd134e4cc95 StaticDependenciesID=d2e47b0202b7793cc774999f519fc45b 
Number of updated asset objects reloaded before import = 0Number of asset objects unloaded after import = 3

========================================================================
Received Import Request.
  Time since last request: 0.000017 seconds.
  path: Assets/Starter Assets/Runtime/Settings/Low_PipelineAsset_ForwardRenderer.asset
  importAddress: Guid(44b37c8f6729f41cfac615998e7cc9f7) Importer(2089858483,b0f066a214c2f5e87bad3c948f4d605d)
Start importing Assets/Starter Assets/Runtime/Settings/Low_PipelineAsset_ForwardRenderer.asset using Guid(44b37c8f6729f41cfac615998e7cc9f7) Importer(2089858483,b0f066a214c2f5e87bad3c948f4d605d) (ScriptedImporter) -> (Import Result ID: '28c99eca5f0581edfba5c8a226ea4dc7') in 0.0127653 seconds [static and dynamic dependencies]. Details - ImportResultOutputID=43bd9088f2224de1545ebba4046df074 DependenciesID=1640384d1313e9b818b441fd50050866 StaticDependenciesID=a22bd986766b1c1e5a00e47ad865a783 
Number of updated asset objects reloaded before import = 0Number of asset objects unloaded after import = 1

========================================================================
Received Import Request.
  Time since last request: 0.000013 seconds.
  path: Assets/Starter Assets/Sample/Environment/Art/Models/Ground_Mesh.fbx
  importAddress: Guid(aa38d7b0e367ecc4aac915dcfe957879) Importer(2089858483,b0f066a214c2f5e87bad3c948f4d605d)
Start importing Assets/Starter Assets/Sample/Environment/Art/Models/Ground_Mesh.fbx using Guid(aa38d7b0e367ecc4aac915dcfe957879) Importer(2089858483,b0f066a214c2f5e87bad3c948f4d605d) (ScriptedImporter) -> (Import Result ID: 'ee282281a3bb382a181afa825a8440f6') in 0.0171396 seconds [static and dynamic dependencies]. Details - ImportResultOutputID=d146b8a4cd051ca2b645a7771c1ee21b DependenciesID=ea0faa02edf2f32d35e9ba9fd756bdaf StaticDependenciesID=c8446633811a11a422a9685620479641 
Number of updated asset objects reloaded before import = 0Number of asset objects unloaded after import = 8

========================================================================
Received Import Request.
  Time since last request: 0.000014 seconds.
  path: Assets/Starter Assets/Runtime/ThirdPersonController/Character/Materials/M_Armature_Body.mat
  importAddress: Guid(43714b68324cc2c409d534d9874f2a2b) Importer(2089858483,b0f066a214c2f5e87bad3c948f4d605d)
Start importing Assets/Starter Assets/Runtime/ThirdPersonController/Character/Materials/M_Armature_Body.mat using Guid(43714b68324cc2c409d534d9874f2a2b) Importer(2089858483,b0f066a214c2f5e87bad3c948f4d605d) (ScriptedImporter) -> (Import Result ID: '8d109538ea7c5fa8affc8ecec9ebb2a4') in 0.0272533 seconds [static and dynamic dependencies]. Details - ImportResultOutputID=4f3a25a25c1866d2f0b60887f3e2199e DependenciesID=867a2aecce135f46ede99eae60af9501 StaticDependenciesID=b955896222eac234d25b43a14a2971bd 
Number of updated asset objects reloaded before import = 0Number of asset objects unloaded after import = 4

========================================================================
Received Import Request.
  Time since last request: 0.000021 seconds.
  path: Assets/TextMesh Pro/Shaders/TMP_SDF SSD.shader
  importAddress: Guid(14eb328de4b8eb245bb7cea29e4ac00b) Importer(2089858483,b0f066a214c2f5e87bad3c948f4d605d)
Start importing Assets/TextMesh Pro/Shaders/TMP_SDF SSD.shader using Guid(14eb328de4b8eb245bb7cea29e4ac00b) Importer(2089858483,b0f066a214c2f5e87bad3c948f4d605d) (ScriptedImporter) -> (Import Result ID: '79814fd80b12f9d5eefe3cf9a52a9758') in 0.0108099 seconds [static and dynamic dependencies]. Details - ImportResultOutputID=ab1de2eab21d112f8d21737653e9dd28 DependenciesID=215dd8e1f94f1126ba87678cb99ef4ce StaticDependenciesID=8dab4151aa6bd08630c2d16ff94a2c92 
Number of updated asset objects reloaded before import = 0Number of asset objects unloaded after import = 1

========================================================================
Received Import Request.
  Time since last request: 0.000030 seconds.
  path: Assets/Starter Assets/Runtime/ThirdPersonController/Character/Textures/Armature_Legs_RGB.tif
  importAddress: Guid(64d6bedfd9838e14fb51c78c8e947042) Importer(2089858483,b0f066a214c2f5e87bad3c948f4d605d)
Start importing Assets/Starter Assets/Runtime/ThirdPersonController/Character/Textures/Armature_Legs_RGB.tif using Guid(64d6bedfd9838e14fb51c78c8e947042) Importer(2089858483,b0f066a214c2f5e87bad3c948f4d605d) (ScriptedImporter) -> (Import Result ID: '00b03e454068e0abdaf606f762b70cf7') in 0.0213815 seconds [static and dynamic dependencies]. Details - ImportResultOutputID=2497ba77eb4f132e4e994e4375b95de3 DependenciesID=96376fbb80bf675f630d751c906d2d78 StaticDependenciesID=cfcd34264ba35b07d4fe518a22fd1ffd 
Number of updated asset objects reloaded before import = 0Number of asset objects unloaded after import = 1

========================================================================
Received Import Request.
  Time since last request: 0.000018 seconds.
  path: Assets/Starter Assets/Sample/Environment/Shaders/Built-in_RP/Triplanar.shader
  importAddress: Guid(e61aeb7487ccb5e4fb6d45036e33fb7b) Importer(2089858483,b0f066a214c2f5e87bad3c948f4d605d)
Start importing Assets/Starter Assets/Sample/Environment/Shaders/Built-in_RP/Triplanar.shader using Guid(e61aeb7487ccb5e4fb6d45036e33fb7b) Importer(2089858483,b0f066a214c2f5e87bad3c948f4d605d) (ScriptedImporter) -> (Import Result ID: 'bb63db8a6f0d177fead0270426acd24f') in 0.0131853 seconds [static and dynamic dependencies]. Details - ImportResultOutputID=56f8d5d7a77b16815aa614c08245a775 DependenciesID=792542ae3f7a870bd779eb6e121d7aae StaticDependenciesID=c5ddffe8e157e5ce042104de4ba7fdc8 
Number of updated asset objects reloaded before import = 0Number of asset objects unloaded after import = 1

========================================================================
Received Import Request.
  Time since last request: 0.000017 seconds.
  path: Assets/Starter Assets/Runtime/ThirdPersonController/Character/Sfx/Player_Footstep_03.wav
  importAddress: Guid(186de84b3207156479abe98f4958fed0) Importer(2089858483,b0f066a214c2f5e87bad3c948f4d605d)
Start importing Assets/Starter Assets/Runtime/ThirdPersonController/Character/Sfx/Player_Footstep_03.wav using Guid(186de84b3207156479abe98f4958fed0) Importer(2089858483,b0f066a214c2f5e87bad3c948f4d605d) (ScriptedImporter) -> (Import Result ID: 'e0c0e5cab3fc03f31d42ace50468cbe8') in 0.0151966 seconds [static and dynamic dependencies]. Details - ImportResultOutputID=422f3054642eace4f3386ad6ed6331a4 DependenciesID=a84a896f916557e68d32625de4a8f130 StaticDependenciesID=d0e344c004a80f01a847e2fa65ee6a62 
Number of updated asset objects reloaded before import = 0Number of asset objects unloaded after import = 1

========================================================================
Received Import Request.
  Time since last request: 0.000017 seconds.
  path: Assets/Starter Assets/Runtime/ThirdPersonController/Prefabs/NestedParentCapsule_Unpack.prefab
  importAddress: Guid(212907312655a4443a025a304442c17c) Importer(2089858483,b0f066a214c2f5e87bad3c948f4d605d)
Start importing Assets/Starter Assets/Runtime/ThirdPersonController/Prefabs/NestedParentCapsule_Unpack.prefab using Guid(212907312655a4443a025a304442c17c) Importer(2089858483,b0f066a214c2f5e87bad3c948f4d605d) (ScriptedImporter) -> (Import Result ID: 'ffc0caddee57523aedd8dde40b6fd75d') in 0.0219557 seconds [static and dynamic dependencies]. Details - ImportResultOutputID=eadc71757f0c2f4e2ab09c43f8b008c3 DependenciesID=f974dbfeeeab9599caed9e9fe355df17 StaticDependenciesID=645836e5d7150f211d81340ae8becd36 
Number of updated asset objects reloaded before import = 0Number of asset objects unloaded after import = 49

========================================================================
Received Import Request.
  Time since last request: 0.000022 seconds.
  path: Assets/TextMesh Pro/Shaders/TMPro.cginc
  importAddress: Guid(407bc68d299748449bbf7f48ee690f8d) Importer(2089858483,b0f066a214c2f5e87bad3c948f4d605d)
Start importing Assets/TextMesh Pro/Shaders/TMPro.cginc using Guid(407bc68d299748449bbf7f48ee690f8d) Importer(2089858483,b0f066a214c2f5e87bad3c948f4d605d) (ScriptedImporter) -> (Import Result ID: 'eb28075a52e6a7df2aba2c46162f82f8') in 0.0109532 seconds [static and dynamic dependencies]. Details - ImportResultOutputID=37137fbf84e22fb6fc13922f9e80e917 DependenciesID=ddf0e0bb782239c71e88184cf31ab7f6 StaticDependenciesID=5392e794b82f768427ad6b171babacf0 
Number of updated asset objects reloaded before import = 0Number of asset objects unloaded after import = 1

========================================================================
Received Import Request.
  Time since last request: 0.000029 seconds.
  path: Assets/Starter Assets/Runtime/Settings/Medium_PipelineAsset_ForwardRenderer.asset
  importAddress: Guid(871a00306922d48e1872740163b0d74b) Importer(2089858483,b0f066a214c2f5e87bad3c948f4d605d)
Start importing Assets/Starter Assets/Runtime/Settings/Medium_PipelineAsset_ForwardRenderer.asset using Guid(871a00306922d48e1872740163b0d74b) Importer(2089858483,b0f066a214c2f5e87bad3c948f4d605d) (ScriptedImporter) -> (Import Result ID: '0a645d8f19139dda04dbb3c24ee0741b') in 0.0140464 seconds [static and dynamic dependencies]. Details - ImportResultOutputID=8cc3248629ef196d39979b88e749ad35 DependenciesID=0e788c36925645e9cdc2b819ca865559 StaticDependenciesID=ce476be0020702ade13c8ba92f6a27bc 
Number of updated asset objects reloaded before import = 0Number of asset objects unloaded after import = 1

========================================================================
Received Import Request.
  Time since last request: 0.000019 seconds.
  path: Assets/TextMesh Pro/Resources/TMP Settings.asset
  importAddress: Guid(3f5b5dff67a942289a9defa416b206f3) Importer(2089858483,b0f066a214c2f5e87bad3c948f4d605d)
Start importing Assets/TextMesh Pro/Resources/TMP Settings.asset using Guid(3f5b5dff67a942289a9defa416b206f3) Importer(2089858483,b0f066a214c2f5e87bad3c948f4d605d) (ScriptedImporter) -> (Import Result ID: 'cb33d40a705f9286d6cde89e09e7b755') in 0.0304621 seconds [static and dynamic dependencies]. Details - ImportResultOutputID=554994e30ef876c63b1e9cfd875b3641 DependenciesID=916a91fe0bfe0cce19f3ffce85d0a874 StaticDependenciesID=c8804b8a5531bf9630cbb1cba09eb58a 
Number of updated asset objects reloaded before import = 0Number of asset objects unloaded after import = 12

========================================================================
Received Import Request.
  Time since last request: 0.000018 seconds.
  path: Assets/Starter Assets/Runtime/Mobile/UI/Images/UI_Circle_Faded.png
  importAddress: Guid(90ded0611e490aa4ba6961afbfc2280d) Importer(2089858483,b0f066a214c2f5e87bad3c948f4d605d)
Start importing Assets/Starter Assets/Runtime/Mobile/UI/Images/UI_Circle_Faded.png using Guid(90ded0611e490aa4ba6961afbfc2280d) Importer(2089858483,b0f066a214c2f5e87bad3c948f4d605d) (ScriptedImporter) -> (Import Result ID: 'd8d5f6ca07d0e5de66cb65ea4929c524') in 0.0250346 seconds [static and dynamic dependencies]. Details - ImportResultOutputID=63f5297290f472b48aba2851efb9a6d6 DependenciesID=4f2f76953c8688d5ea78edad27df05ae StaticDependenciesID=473b5998d79b863b27331cfe726333f9 
Number of updated asset objects reloaded before import = 0Number of asset objects unloaded after import = 3

========================================================================
Received Import Request.
  Time since last request: 0.000024 seconds.
  path: Assets/Starter Assets/Sample/ThirdPersonController/Playground/ReflectionProbe-1.exr
  importAddress: Guid(1b8a4de7469ad774c80dd6678d94e6b9) Importer(2089858483,b0f066a214c2f5e87bad3c948f4d605d)
Start importing Assets/Starter Assets/Sample/ThirdPersonController/Playground/ReflectionProbe-1.exr using Guid(1b8a4de7469ad774c80dd6678d94e6b9) Importer(2089858483,b0f066a214c2f5e87bad3c948f4d605d) (ScriptedImporter) -> (Import Result ID: 'f81f04d9153dd3cb2828b257aaef04dd') in 0.0153576 seconds [static and dynamic dependencies]. Details - ImportResultOutputID=1a024e07db66dcaee91fd3db9b2f4370 DependenciesID=af306840c3fa2cb9b7018dff1641e1ae StaticDependenciesID=a4c038ac67400c62e157ce081ad77a24 
Number of updated asset objects reloaded before import = 0Number of asset objects unloaded after import = 1

========================================================================
Received Import Request.
  Time since last request: 0.000035 seconds.
  path: Assets/Starter Assets/Sample/ThirdPersonController/Playground/ReflectionProbe-0.exr
  importAddress: Guid(b65762d7243eb714e903b585ed68a576) Importer(2089858483,b0f066a214c2f5e87bad3c948f4d605d)
Start importing Assets/Starter Assets/Sample/ThirdPersonController/Playground/ReflectionProbe-0.exr using Guid(b65762d7243eb714e903b585ed68a576) Importer(2089858483,b0f066a214c2f5e87bad3c948f4d605d) (ScriptedImporter) -> (Import Result ID: '6981d0a113f8d309ecf0f2c79b11ef0a') in 0.0145736 seconds [static and dynamic dependencies]. Details - ImportResultOutputID=581505ad97df96e21e79e069e72e0dd5 DependenciesID=744f44c28bfc399d880fe1ad7bae50d1 StaticDependenciesID=640ee5029f731e51a80d59f44fa89505 
Number of updated asset objects reloaded before import = 0Number of asset objects unloaded after import = 1

========================================================================
Received Import Request.
  Time since last request: 0.000018 seconds.
  path: Assets/Materials/blueMaterial.mat
  importAddress: Guid(296697eefbd2bb64d9910e792cea4560) Importer(2089858483,b0f066a214c2f5e87bad3c948f4d605d)
Start importing Assets/Materials/blueMaterial.mat using Guid(296697eefbd2bb64d9910e792cea4560) Importer(2089858483,b0f066a214c2f5e87bad3c948f4d605d) (ScriptedImporter) -> (Import Result ID: '5f5de4a9c822101dd772c3bf68d5eef5') in 0.0142827 seconds [static and dynamic dependencies]. Details - ImportResultOutputID=41ae8df09f44e73cf5ce2b6433513a32 DependenciesID=0d3fc26f8fcf55638cf2ceb7bccefae8 StaticDependenciesID=fc423518b06a76fe5a3ffb0936a9bd25 
Number of updated asset objects reloaded before import = 0Number of asset objects unloaded after import = 1

========================================================================
Received Import Request.
  Time since last request: 0.000016 seconds.
  path: Assets/Starter Assets/Sample/Environment/Art/Models/Wall_Mesh.fbx
  importAddress: Guid(ff02a0a00ab750f48b09459b1cafd1b8) Importer(2089858483,b0f066a214c2f5e87bad3c948f4d605d)
Start importing Assets/Starter Assets/Sample/Environment/Art/Models/Wall_Mesh.fbx using Guid(ff02a0a00ab750f48b09459b1cafd1b8) Importer(2089858483,b0f066a214c2f5e87bad3c948f4d605d) (ScriptedImporter) -> (Import Result ID: 'a8dd17cbadcfd1379dfb58e898312e12') in 0.0135287 seconds [static and dynamic dependencies]. Details - ImportResultOutputID=98f7f80d03ceffd4ba098eef11d2ac37 DependenciesID=6ac02186930817a27680127128d766e2 StaticDependenciesID=3abf113fe25faad90b6bb6225071f449 
Number of updated asset objects reloaded before import = 0Number of asset objects unloaded after import = 8

========================================================================
Received Import Request.
  Time since last request: 11.039900 seconds.
  path: Assets/Materials/New Material.mat
  importAddress: Guid(29927b0f0ba295f48aa542d4497cee5b) Importer(815301076,1909f56bfc062723c751e8b465ee728b)
Start importing Assets/Materials/New Material.mat using Guid(29927b0f0ba295f48aa542d4497cee5b) Importer(815301076,1909f56bfc062723c751e8b465ee728b) (PreviewImporter) -> (Import Result ID: '76150141078c4912bbaf4d5c8d9a06e2') in 2.7405083 seconds [static and dynamic dependencies]. Details - ImportResultOutputID=1258cb3350c7fdc5bf52499feaa618d1 DependenciesID=e70385b9e10ef953333dde7e46dbdd68 StaticDependenciesID=dd55f716a550f5437e3f660fb7ee2d0e 
Number of updated asset objects reloaded before import = 0Number of asset objects unloaded after import = 1

========================================================================
Received Import Request.
  Time since last request: 0.000035 seconds.
  path: Assets/Materials/New Material 6.mat
  importAddress: Guid(9c2f283fbfdbe6b4fab9baacb331e10a) Importer(815301076,1909f56bfc062723c751e8b465ee728b)
Start importing Assets/Materials/New Material 6.mat using Guid(9c2f283fbfdbe6b4fab9baacb331e10a) Importer(815301076,1909f56bfc062723c751e8b465ee728b) (PreviewImporter) -> (Import Result ID: 'c251bcec80e5354e745b4b71eb2cc4e1') in 0.0439522 seconds [static and dynamic dependencies]. Details - ImportResultOutputID=582cf5e7b95c4b42d8c9210cbae29841 DependenciesID=80c6684357415cdfc081a14623bf863d StaticDependenciesID=8f696b375922037e4e219e050b4e90e5 
Number of updated asset objects reloaded before import = 0Number of asset objects unloaded after import = 1

========================================================================
Received Import Request.
  Time since last request: 0.000034 seconds.
  path: Assets/Materials/New Material 7.mat
  importAddress: Guid(e0b0980a27ea6e94991f0b5328975e4c) Importer(815301076,1909f56bfc062723c751e8b465ee728b)
Start importing Assets/Materials/New Material 7.mat using Guid(e0b0980a27ea6e94991f0b5328975e4c) Importer(815301076,1909f56bfc062723c751e8b465ee728b) (PreviewImporter) -> (Import Result ID: 'bb65b955a0119df2154012089916359c') in 0.0180655 seconds [static and dynamic dependencies]. Details - ImportResultOutputID=cc16e9cf1fe073f8e15e7a49464765e2 DependenciesID=c480ef4be29d749dfa96fe51b6e0e0e1 StaticDependenciesID=7684e7447fa6b83b3b5bfcc3a3a001fc 
Number of updated asset objects reloaded before import = 0Number of asset objects unloaded after import = 1

========================================================================
Received Import Request.
  Time since last request: 0.000028 seconds.
  path: Assets/Materials/redMaterial.mat
  importAddress: Guid(1c39c267f7e68ae4e8688025629dcfac) Importer(815301076,1909f56bfc062723c751e8b465ee728b)
Start importing Assets/Materials/redMaterial.mat using Guid(1c39c267f7e68ae4e8688025629dcfac) Importer(815301076,1909f56bfc062723c751e8b465ee728b) (PreviewImporter) -> (Import Result ID: '36a022c206a0030f0c7c7e99f6371d96') in 0.0153325 seconds [static and dynamic dependencies]. Details - ImportResultOutputID=0a91496105f1ff420bc351d979424fc3 DependenciesID=1632c2505f96fcd1889bd1971992619e StaticDependenciesID=df2f98d59e038fdea007f48cf658d839 
Number of updated asset objects reloaded before import = 0Number of asset objects unloaded after import = 1

========================================================================
Received Import Request.
  Time since last request: 0.000019 seconds.
  path: Assets/Materials/New Material 3.mat
  importAddress: Guid(fe65943d1a7cee64689060823979cabc) Importer(815301076,1909f56bfc062723c751e8b465ee728b)
Start importing Assets/Materials/New Material 3.mat using Guid(fe65943d1a7cee64689060823979cabc) Importer(815301076,1909f56bfc062723c751e8b465ee728b) (PreviewImporter) -> (Import Result ID: '1b0d1305cc30f154ce46468cc357a586') in 0.037806 seconds [static and dynamic dependencies]. Details - ImportResultOutputID=901ae11d67a32fda8bda223d8ade7dcd DependenciesID=b73d28f88a47c1caf5870d5cd494c74a StaticDependenciesID=55d4b8222478d6827320d874fde71853 
Number of updated asset objects reloaded before import = 0Number of asset objects unloaded after import = 1

========================================================================
Received Prepare
Assembly reference Packages/com.unity.cinemachine/Editor/Samples/ExposeHDRPInternals/HDRP-Editor-ref.asmref has no target assembly definition
Assembly reference Packages/com.unity.cinemachine/Editor/Samples/ExposeHDRPInternals/HDRP-Editor-ref.asmref has no target assembly definition
Begin MonoManager ReloadAssembly
[Licensing::Client] Successfully resolved entitlement details
ADTM: Control thread waiting for realtime thread timed out, have to lock...
Assembly Assembly-CSharp-Editor-firstpass.dll at Library/ScriptAssemblies/Assembly-CSharp-Editor-firstpass.dll not valid. Loading of assembly skipped.
Assembly Assembly-CSharp-firstpass.dll at Library/ScriptAssemblies/Assembly-CSharp-firstpass.dll not valid. Loading of assembly skipped.
Assembly DocCodeExamples.dll at Library/ScriptAssemblies/DocCodeExamples.dll not valid. Loading of assembly skipped.
Assembly TestNewCustomAssembly.dll at Library/ScriptAssemblies/TestNewCustomAssembly.dll not valid. Loading of assembly skipped.
Assembly Unity.Collections.BurstCompatibilityGen.dll at Library/ScriptAssemblies/Unity.Collections.BurstCompatibilityGen.dll not valid. Loading of assembly skipped.
Assembly Unity.Collections.DocCodeSamples.dll at Library/ScriptAssemblies/Unity.Collections.DocCodeSamples.dll not valid. Loading of assembly skipped.
Assembly Unity.Collections.PerformanceTests.dll at Library/ScriptAssemblies/Unity.Collections.PerformanceTests.dll not valid. Loading of assembly skipped.
Assembly Unity.Collections.Tests.dll at Library/ScriptAssemblies/Unity.Collections.Tests.dll not valid. Loading of assembly skipped.
Assembly Unity.Collections.Tests.Playmode.dll at Library/ScriptAssemblies/Unity.Collections.Tests.Playmode.dll not valid. Loading of assembly skipped.
Assembly Unity.InputSystem.IntegrationTests.dll at Library/ScriptAssemblies/Unity.InputSystem.IntegrationTests.dll not valid. Loading of assembly skipped.
Assembly Unity.Mathematics.Tests.dll at Library/ScriptAssemblies/Unity.Mathematics.Tests.dll not valid. Loading of assembly skipped.
Assembly Unity.Multiplayer.Center.Editor.Tests.dll at Library/ScriptAssemblies/Unity.Multiplayer.Center.Editor.Tests.dll not valid. Loading of assembly skipped.
Assembly Unity.Multiplayer.Center.Tests.dll at Library/ScriptAssemblies/Unity.Multiplayer.Center.Tests.dll not valid. Loading of assembly skipped.
Assembly Unity.Nuget.Mono-Cecil.dll at Library/ScriptAssemblies/Unity.Nuget.Mono-Cecil.dll not valid. Loading of assembly skipped.
Assembly Unity.PathTracing.Editor.Tests.dll at Library/ScriptAssemblies/Unity.PathTracing.Editor.Tests.dll not valid. Loading of assembly skipped.
Assembly Unity.PathTracing.Runtime.Tests.dll at Library/ScriptAssemblies/Unity.PathTracing.Runtime.Tests.dll not valid. Loading of assembly skipped.
Assembly Unity.RenderPipelines.Core.Editor.Tests.dll at Library/ScriptAssemblies/Unity.RenderPipelines.Core.Editor.Tests.dll not valid. Loading of assembly skipped.
Assembly Unity.RenderPipelines.Core.Runtime.Tests.dll at Library/ScriptAssemblies/Unity.RenderPipelines.Core.Runtime.Tests.dll not valid. Loading of assembly skipped.
Assembly Unity.RenderPipelines.Universal.Config.Editor.Tests.dll at Library/ScriptAssemblies/Unity.RenderPipelines.Universal.Config.Editor.Tests.dll not valid. Loading of assembly skipped.
Assembly Unity.RenderPipelines.Universal.Editor.Tests.dll at Library/ScriptAssemblies/Unity.RenderPipelines.Universal.Editor.Tests.dll not valid. Loading of assembly skipped.
Assembly Unity.RenderPipelines.Universal.Runtime.Tests.dll at Library/ScriptAssemblies/Unity.RenderPipelines.Universal.Runtime.Tests.dll not valid. Loading of assembly skipped.
Assembly Unity.Searcher.EditorTests.dll at Library/ScriptAssemblies/Unity.Searcher.EditorTests.dll not valid. Loading of assembly skipped.
Assembly Unity.Settings.Tests.dll at Library/ScriptAssemblies/Unity.Settings.Tests.dll not valid. Loading of assembly skipped.
Assembly Unity.ShaderGraph.Editor.Tests.dll at Library/ScriptAssemblies/Unity.ShaderGraph.Editor.Tests.dll not valid. Loading of assembly skipped.
Assembly Unity.TextMeshPro.Editor.Tests.dll at Library/ScriptAssemblies/Unity.TextMeshPro.Editor.Tests.dll not valid. Loading of assembly skipped.
Assembly Unity.TextMeshPro.Tests.dll at Library/ScriptAssemblies/Unity.TextMeshPro.Tests.dll not valid. Loading of assembly skipped.
Assembly Unity.UnifiedRayTracing.Editor.Tests.dll at Library/ScriptAssemblies/Unity.UnifiedRayTracing.Editor.Tests.dll not valid. Loading of assembly skipped.
Assembly UnityEditor.UI.Common.Tests.dll at Library/ScriptAssemblies/UnityEditor.UI.Common.Tests.dll not valid. Loading of assembly skipped.
Assembly UnityEditor.UI.EditorTests.dll at Library/ScriptAssemblies/UnityEditor.UI.EditorTests.dll not valid. Loading of assembly skipped.
Assembly UnityEngine.UI.Tests.dll at Library/ScriptAssemblies/UnityEngine.UI.Tests.dll not valid. Loading of assembly skipped.
Assembly reference Packages/com.unity.cinemachine/Editor/Samples/ExposeHDRPInternals/HDRP-Editor-ref.asmref has no target assembly definition
'Packages/com.unity.cinemachine/Editor/Obsolete/CinemachineVirtualCameraBaseEditor.cs' contains partial class of Unity.Object, exactly 1 of the partial classes needs to be in a file with the same filename. This is to know the one that can be referenced from ie. GameObjects
'Packages/com.unity.cinemachine/Editor/Editors/CinemachineVirtualCameraBaseEditor.cs' contains partial class of Unity.Object, exactly 1 of the partial classes needs to be in a file with the same filename. This is to know the one that can be referenced from ie. GameObjects
Native extension for WindowsStandalone target not found
Assembly reference Packages/com.unity.cinemachine/Editor/Samples/ExposeHDRPInternals/HDRP-Editor-ref.asmref has no target assembly definition
[Package Manager] Failed to launch server process. Reason: Unity was launched with the -noUpm command-line argument
[Package Manager] Unable to send message (not connected to server process).
[Package Manager] Cannot connect to Unity Package Manager local server
[Package Manager] Failed to launch server process. Reason: Unity was launched with the -noUpm command-line argument
[Package Manager] Unable to send message (not connected to server process).
[Package Manager] Cannot connect to Unity Package Manager local server
[Package Manager] Failed to launch server process. Reason: Unity was launched with the -noUpm command-line argument
[Package Manager] Unable to send message (not connected to server process).
[Package Manager] Cannot connect to Unity Package Manager local server
ScheduleIndexationOnStartup MainProcess:False IndexOnStartup:True
Mono: successfully reloaded assembly
- Finished resetting the current domain, in  0.569 seconds
Domain Reload Profiling: 2217ms
	BeginReloadAssembly (1178ms)
		DisableScriptedObjects (14ms)
		CreateAndSetChildDomain (1049ms)
	RebuildCommonClasses (29ms)
	RebuildNativeTypeToScriptingClass (10ms)
	initialDomainReloadingComplete (52ms)
	LoadAllAssembliesAndSetupDomain (379ms)
		LoadAssemblies (287ms)
		AnalyzeDomain (160ms)
			TypeCache.Refresh (8ms)
			BuildScriptInfoCaches (142ms)
			ResolveRequiredComponents (9ms)
	FinalizeReload (569ms)
		SetupLoadedEditorAssemblies (0ms)
			BeforeProcessingInitializeOnLoad (116ms)
			ProcessInitializeOnLoadAttributes (234ms)
			ProcessInitializeOnLoadMethodAttributes (71ms)
			AfterProcessingInitializeOnLoad (4ms)
		AwakeInstancesAfterBackupRestoration (11ms)
Unloading 25 Unused Serialized files (Serialized files now loaded: 0)
Unloading 6935 unused Assets / (5.8 MB). Loaded Objects now: 7847.
Memory consumption went from 183.9 MB to 178.1 MB.
Total: 7.020800 ms (FindLiveObjects: 0.688400 ms CreateObjectMapping: 0.390000 ms MarkObjects: 3.779300 ms  DeleteObjects: 2.161800 ms)

Prepare: number of updated asset objects reloaded= 0
Editor requested this worker to shutdown with reason: Scaling down because of idle timeout
AssetImportWorker is now disconnected from the server
Process exiting
Exiting without the bug reporter. Application will terminate with return code 0